date,Afghanistan,Albania,Algeria,Angola,Argentina,Armenia,Australia,Austria,Azerbaijan,Bahrain,Bangladesh,Belgium,Benin,Bhutan,Bolivia,Bosnia-Herzegovina,Botswana,Brazil,Burkina Faso,Burundi,Cambodia (Kampuchea),Cameroon,Canada,Central African Republic,Chad,China,Colombia,Comoros,Congo,Croatia,Djibouti,DR Congo (Zaire),Ecuador,Egypt,El Salvador,Eritrea,Ethiopia,France,Gambia,Georgia,Germany,Ghana,Guatemala,Guinea,Guinea-Bissau,Guyana,Haiti,Honduras,India,Indonesia,Iran,Iraq,Israel,Ivory Coast,Jamaica,Jordan,Kenya,Kingdom of eSwatini (Swaziland),Kuwait,Kyrgyzstan,Laos,Lebanon,Lesotho,Liberia,Libya,"Macedonia, FYR",Madagascar (Malagasy),Malaysia,Mali,Mauritania,Mexico,Moldova,Morocco,Mozambique,Myanmar (Burma),Namibia,Nepal,Netherlands,Nicaragua,Niger,Nigeria,Pakistan,Panama,Papua New Guinea,Paraguay,Peru,Philippines,Romania,Russia (Soviet Union),Rwanda,Saudi Arabia,Senegal,Serbia (Yugoslavia),Sierra Leone,Solomon Islands,Somalia,South Africa,South Sudan,Spain,Sri Lanka,Sudan,Sweden,Syria,Tajikistan,Tanzania,Thailand,Togo,Trinidad and Tobago,Tunisia,Turkey,Uganda,Ukraine,United Arab Emirates,United Kingdom,United States of America,Uzbekistan,Venezuela,Yemen (North Yemen),Zambia,Zimbabwe (Rhodesia)
2016-04-01,1148.4164,0.08383424,19.615479,67.205284,1.201624,1.4950439,0.027944745,0.05588949,80.74432,0.11177898,2.3765364,6.401246,0.013972373,0.05588949,0.4224588,229.73122,0.013972373,7.058016,7.6007257,70.95629,7.418743,52.108124,0.12729144,44.67661,27.5663,36.32817,9.77037,1.159707,61.522102,10.98886,1.4531268,234.9325,3.2974799,4.6667724,35.464325,280.54547,422.84918,8.215599,0.22355796,14.093467,0.16766848,29.690218,1.9476373,4.8204684,4.2275805,0.16766848,3.2136457,0.39122644,52.8097,7.091977,3.6636221,771.1757,24.873617,22.659597,0.5628347,3.5116212,8.847171,0.62875676,17.931656,2.2478054,4.3753004,21.245829,1.1876516,24.941925,102.371506,0.24544801,1.5718919,0.9780661,12.17079,2.294736,105.79786,7.782612,2.4311929,12.958703,38.014027,0.600812,11.122008,0.027944745,1.743692,13.558248,375.17294,112.00455,15.70029,0.75675654,2.095856,5.4306817,29.3409,6.771943,48.39967,7966.0767,3.8172898,3.4651484,24.14426,46.16405,0.027944745,195.91919,7.1440206,62.46191,2.668723,42.2804,201.92807,0.06986187,2860.6494,44.47453,0.82436997,6.0612783,5.9959393,0.47273195,16.340506,83.35183,10.281458,43.437733,0.013972373,0.7265634,41.721504,4.8390985,3.9948988,399.94925,0.27944747,2.2355797
2016-05-01,1360.9795,0.08383424,20.187263,67.205284,1.201624,1.4950439,0.027944745,0.05588949,94.59598,0.11177898,2.3957534,3.4230447,0.013972373,0.05588949,0.4224588,229.73122,0.013972373,7.203573,5.8835244,74.35609,7.418743,38.259556,0.12729144,45.06394,21.981527,36.32817,9.133712,1.159707,63.47581,10.98886,1.4531268,232.91801,3.2974799,30.043444,35.464325,280.54547,433.9754,1.8583256,0.22355796,14.093467,0.16766848,29.690218,1.1349078,4.8204684,4.2275805,0.16766848,3.2136457,0.39122644,42.514854,7.091977,3.660442,699.7403,24.873617,15.794323,0.5628347,2.138128,7.181925,0.62875676,17.931656,2.2478054,4.3753004,14.710513,1.1876516,24.941925,89.74797,0.24544801,1.5718919,0.9780661,13.281688,2.294736,93.4774,7.782612,2.4311929,14.745997,35.08565,0.600812,11.122008,0.027944745,1.743692,9.351914,311.55835,103.00168,15.70029,0.75675654,2.095856,6.4040933,39.706413,6.771943,47.471394,7966.0767,3.6599438,3.4651484,24.14426,46.16405,0.027944745,162.14775,7.1440206,49.407482,2.668723,42.2804,249.35844,0.06986187,2843.7832,44.47453,0.82436997,6.0110245,5.9959393,0.47273195,8.260672,94.28334,10.495785,42.466927,0.013972373,0.7265634,41.721504,4.8390985,4.368799,353.27188,0.27944747,2.2355797
2016-06-01,1456.5767,0.08383424,21.747084,67.205284,1.201624,1.6253724,0.027944745,0.05588949,91.11337,0.11177898,2.6801953,0.4610883,0.013972373,0.05588949,0.4224588,229.73122,0.013972373,7.247032,7.3461804,71.10984,7.418743,39.232105,0.12729144,41.99092,17.071245,36.32817,10.366821,1.159707,64.36708,10.98886,1.4531268,234.08273,3.2974799,50.82117,35.464325,280.54547,428.96707,1.8583256,0.22355796,14.093467,0.16766848,29.690218,1.0518049,4.8204684,4.2275805,0.16766848,3.2136457,0.39122644,44.07053,7.091977,4.1548605,847.55914,24.873617,13.980307,0.5628347,1.0660337,7.722892,0.62875676,17.931656,2.2478054,4.3753004,14.280953,1.1876516,24.941925,94.12387,0.24544801,1.5718919,0.9780661,19.25761,2.294736,87.14253,7.782612,2.4311929,13.953685,38.317696,0.600812,11.122008,0.027944745,1.743692,13.34043,285.89835,85.4917,15.70029,0.75675654,2.095856,6.2626762,32.176556,6.771943,47.068794,7966.0767,3.1557417,3.4651484,24.14426,46.16405,0.027944745,150.79663,7.1440206,55.490376,2.668723,42.2804,185.92422,0.06986187,2710.3271,44.47453,0.82436997,4.740172,5.9959393,0.47273195,2.4554753,86.95727,9.667529,40.93424,0.013972373,0.7265634,41.721504,4.8390985,3.7229166,338.05463,0.27944747,2.2355797
2016-07-01,1450.15,0.08383424,21.012249,67.205284,1.201624,1.4950439,0.027944745,0.05588949,86.57499,0.11177898,2.8339932,1.7540498,0.013972373,0.05588949,0.4224588,229.73122,0.013972373,7.303317,5.9449167,72.52874,7.418743,45.650932,0.12729144,36.09662,19.130106,36.32817,10.103466,1.159707,62.856064,10.98886,1.4531268,239.52238,3.2974799,36.92141,35.464325,280.54547,423.5919,7.557696,0.22355796,14.093467,0.16766848,29.690218,1.7544788,4.857851,4.2275805,0.16766848,3.2136457,0.39122644,42.437035,7.091977,9.189162,826.95746,24.873617,11.205617,0.5628347,2.3868933,12.77569,0.62875676,17.931656,2.2478054,4.3753004,14.309826,1.1876516,24.941925,111.80292,0.24544801,1.5718919,0.9780661,15.43916,2.294736,85.53257,7.782612,2.4311929,13.761954,38.33275,0.600812,11.122008,0.027944745,1.743692,29.147125,271.39725,61.16397,15.70029,0.75675654,2.095856,5.719215,31.09235,6.771943,48.947754,7966.0767,2.5348716,3.4651484,24.14426,46.16405,0.027944745,155.56741,7.1440206,82.42155,2.668723,42.2804,159.04936,0.06986187,2966.0037,44.47453,0.82436997,5.036911,5.9959393,0.47273195,4.3989186,97.4053,9.825496,35.79762,0.013972373,0.7265634,41.721504,4.8390985,3.767019,336.8037,0.27944747,2.2355797
2016-08-01,1328.9442,0.08383424,19.825935,67.205284,1.201624,1.4950439,0.027944745,0.05588949,80.74432,0.11177898,9.857465,2.038457,0.013972373,0.05588949,0.4224588,229.73122,0.013972373,7.0788174,5.7262816,69.344284,7.418743,34.940613,0.12729144,34.133034,17.268267,36.32817,8.815683,1.159707,61.522102,10.98886,1.4531268,244.72227,3.2974799,22.989021,35.464325,280.54547,419.3239,24.94026,0.22355796,14.093467,0.16766848,29.690218,1.5113311,4.8204684,4.2275805,0.16766848,3.2136457,0.39122644,45.030647,7.091977,7.658794,782.0339,24.873617,13.89708,0.5628347,2.077711,10.302628,0.62875676,17.931656,2.2478054,4.3753004,15.195541,1.1876516,24.941925,125.951515,0.24544801,1.5718919,0.9780661,25.180109,2.294736,88.57691,7.782612,2.4311929,12.962306,35.543724,0.600812,11.122008,0.027944745,1.743692,25.136093,242.4214,54.124065,15.70029,0.75675654,2.095856,5.4306817,36.614143,6.771943,50.001305,7966.0767,9.076961,3.4651484,24.14426,46.16405,0.027944745,148.32239,7.1440206,120.851875,2.668723,42.2804,135.34749,0.06986187,2915.1892,44.47453,0.82436997,4.8555837,5.9959393,0.47273195,5.6753416,185.55908,9.436393,39.162598,0.013972373,0.7265634,41.721504,4.8390985,3.7712362,314.6359,0.27944747,2.2355797
2016-09-01,1408.1003,0.08383424,18.542908,67.205284,1.201624,1.4950439,0.027944745,0.05588949,86.99585,0.11177898,6.872264,0.4610883,0.013972373,0.05588949,0.4224588,229.73122,0.013972373,7.058016,6.425217,73.75574,7.418743,38.03916,0.12729144,30.367168,17.264975,36.32817,8.186375,1.159707,62.886307,10.98886,1.4531268,282.26065,3.2974799,17.693684,35.464325,280.54547,433.97202,12.755992,0.22355796,14.093467,0.16766848,29.690218,1.4578612,4.8204684,4.2275805,0.16766848,3.2136457,2.0812092,41.042973,7.091977,6.7875896,720.7054,24.873617,11.599009,0.5628347,0.82436997,10.656875,0.62875676,17.931656,2.2478054,4.3753004,11.478572,1.1876516,24.941925,130.72072,0.24544801,1.5718919,0.9780661,22.291483,2.294736,96.17771,7.782612,2.4311929,14.667649,34.4332,0.600812,11.122008,0.027944745,1.743692,22.64983,262.3413,64.904594,15.70029,0.75675654,2.095856,5.803758,41.754665,6.771943,47.50927,7966.0767,16.29744,3.4651484,24.14426,46.16405,0.027944745,138.48956,7.1983137,112.82377,2.668723,42.2804,139.48518,0.06986187,2868.5322,44.47453,0.82436997,4.4191265,5.9959393,0.47273195,1.1756505,144.50124,9.464162,35.448162,0.013972373,0.7265634,41.721504,4.8390985,3.9160578,307.172,0.27944747,2.2355797
2016-10-01,1382.0675,0.08383424,18.569387,67.205284,1.201624,1.4950439,0.027944745,0.05588949,81.9399,0.11177898,4.0972857,0.4610883,0.013972373,0.05588949,0.4224588,229.73122,0.013972373,7.107683,7.0884404,69.344284,7.418743,32.07699,0.12729144,39.92462,16.995089,36.32817,8.339052,1.159707,62.47016,10.98886,1.4531268,338.84952,3.2974799,18.03172,35.464325,280.54547,423.52316,1.9335508,0.22355796,14.093467,0.16766848,29.690218,1.0518049,4.8204684,4.2275805,0.16766848,3.2136457,1.237576,49.99218,7.091977,7.777744,654.3582,24.873617,10.906217,0.5628347,1.409689,9.16285,0.62875676,17.931656,2.2478054,4.3753004,10.952108,1.1876516,24.941925,118.346306,0.24544801,1.5718919,0.9780661,20.387735,2.294736,89.567856,7.782612,2.4311929,14.502152,34.04242,0.600812,11.122008,0.027944745,1.743692,32.361282,238.10353,66.22107,15.70029,0.75675654,2.095856,5.4727216,35.351303,6.771943,46.993725,7966.0767,9.792153,3.4651484,24.14426,46.16405,0.027944745,135.19113,7.1440206,90.152275,2.668723,42.2804,134.13104,0.06986187,2732.2402,44.47453,0.82436997,4.8492203,5.9959393,0.47273195,0.9920385,134.42622,9.040591,32.62703,0.013972373,0.7265634,41.721504,4.8390985,4.510169,271.83685,0.27944747,2.2355797
2016-11-01,1702.0792,0.08383424,18.401325,67.205284,1.201624,1.4950439,0.027944745,0.05588949,80.74432,0.11177898,5.809753,1.8986263,0.013972373,0.05588949,0.4224588,229.73122,0.013972373,10.660578,5.7273703,69.858894,7.418743,33.70688,0.12729144,49.80015,17.044495,36.32817,8.537294,1.159707,62.1607,10.98886,1.4531268,318.7171,3.2974799,35.759315,35.464325,280.54547,423.77844,4.923647,0.22355796,14.093467,0.16766848,29.690218,1.0518049,4.8204684,4.2275805,0.16766848,3.2136457,0.48372632,52.048714,7.091977,8.728019,906.4151,24.873617,12.093992,0.5628347,1.9995857,11.6982765,0.62875676,17.931656,2.2478054,4.3753004,10.492278,1.1876516,24.941925,148.47148,0.24544801,1.5718919,0.9780661,14.0429735,2.294736,93.469055,7.782612,2.4311929,14.596828,40.738297,0.600812,11.122008,0.027944745,1.743692,22.480658,222.51604,76.972725,15.70029,0.75675654,2.095856,5.4337087,31.821314,6.771943,48.49685,7966.0767,8.72639,3.4651484,24.14426,46.16405,0.027944745,131.41583,7.1440206,111.77342,2.668723,42.2804,134.18837,0.06986187,2812.3916,44.47453,0.82436997,4.3409233,5.9959393,0.47273195,4.221024,101.32024,9.360791,37.634354,0.013972373,0.7265634,41.721504,4.8390985,3.9595504,290.94,0.27944747,2.2355797
2016-12-01,1403.3994,0.08383424,18.37617,67.205284,1.201624,1.4950439,0.027944745,0.05588949,80.74432,0.11177898,5.2336354,0.66704386,0.013972373,0.05588949,0.4224588,229.73122,0.013972373,8.942098,5.0789576,69.75022,7.418743,26.713923,0.12729144,81.45138,16.744644,36.32817,8.597465,1.159707,61.522102,10.98886,1.4531268,328.7729,3.2974799,27.797113,35.464325,280.54547,419.3239,5.9983587,0.22355796,14.093467,0.16766848,29.690218,1.0518049,4.8204684,4.2275805,0.16766848,3.2136457,0.6656879,54.366558,7.091977,6.240274,869.37933,24.873617,13.474387,0.5628347,1.0832502,7.9440813,0.62875676,17.931656,2.2478054,4.3753004,11.355468,1.1876516,24.941925,138.23294,0.24544801,1.5718919,0.9780661,15.738089,2.294736,84.699356,7.782612,2.4311929,13.470293,51.04264,0.600812,11.122008,0.027944745,1.743692,11.253482,198.45102,79.990616,15.70029,0.75675654,2.095856,5.4306817,44.725716,6.771943,47.19533,7966.0767,6.0711083,3.4651484,24.14426,46.16405,0.027944745,124.46541,7.1440206,86.17204,2.668723,42.2804,122.37942,0.06986187,2766.166,44.47453,0.82436997,5.3919,5.9959393,0.47273195,3.162427,89.20976,9.040591,34.31188,0.013972373,0.7265634,41.721504,4.8390985,5.194739,348.2072,0.27944747,2.2355797
2017-01-01,1318.2114,0.08383424,17.097855,67.205284,1.201624,1.8984702,0.027944745,0.05588949,85.44455,0.11177898,2.4069839,1.4147671,0.013972373,0.05588949,0.4224588,229.73122,0.013972373,8.127418,5.0789576,69.435104,7.418743,23.78375,0.12729144,125.84893,16.501211,36.32817,8.1949835,1.159707,62.611065,10.98886,1.4531268,357.6077,3.2974799,31.131947,35.464325,280.54547,425.18375,1.8583256,0.22355796,14.093467,2.327726,29.690218,1.0518049,4.8204684,4.2275805,0.16766848,3.2136457,0.86212766,44.54869,7.091977,5.754971,837.18207,24.873617,10.949523,0.5628347,4.846498,10.272788,0.62875676,17.931656,2.2478054,4.3753004,9.780661,1.1876516,24.941925,195.14572,0.24544801,1.5718919,0.9780661,13.362014,2.294736,82.53018,7.782612,2.4311929,14.233349,43.52066,0.600812,11.122008,0.027944745,1.743692,16.859385,171.18776,58.767067,15.70029,0.75675654,2.095856,5.756892,32.917953,6.771943,47.570755,7966.0767,5.5270863,3.4651484,24.14426,46.16405,0.027944745,126.54753,7.1440206,93.688614,2.668723,42.2804,109.30504,0.06986187,2689.6306,44.47453,0.82436997,4.2209387,5.9959393,0.47273195,3.2545528,53.005817,9.059371,30.467731,0.013972373,0.7265634,41.721504,4.8390985,3.6731067,303.41168,0.27944747,2.2355797
2017-02-01,1284.8303,0.08383424,17.585276,67.205284,1.201624,1.73854,0.027944745,0.05588949,80.74432,0.11177898,4.23564,0.46835917,0.013972373,0.05588949,0.4224588,229.73122,0.013972373,99.48554,5.158808,69.811646,7.418743,25.072617,0.12729144,98.00554,17.016737,36.32817,8.785048,1.159707,61.522102,10.98886,1.4531268,333.90247,3.2974799,34.11701,35.464325,280.54547,419.3239,1.8583256,0.22355796,14.093467,1.2447436,29.690218,1.0518049,4.8204684,4.2275805,0.16766848,3.2136457,0.39122644,47.882385,7.091977,5.7524114,815.7723,24.873617,10.232011,0.5628347,2.715489,8.158687,0.62875676,17.931656,2.2478054,4.3753004,9.780661,1.1876516,24.941925,160.67775,0.24544801,1.5718919,0.9780661,31.365063,2.294736,92.81809,7.782612,2.4311929,13.119499,43.593838,0.600812,11.122008,0.027944745,1.743692,29.206203,194.4661,42.657867,15.70029,0.75675654,2.095856,5.4306817,30.295301,6.771943,47.987732,7966.0767,1.2924445,3.4651484,24.14426,46.16405,0.027944745,125.45168,7.1440206,80.80648,2.668723,42.2804,83.763756,0.06986187,2416.6582,44.47453,0.8587234,3.5290987,5.9959393,0.47273195,1.3290484,60.954327,9.040591,36.557373,0.013972373,0.7265634,41.721504,4.8390985,3.7830827,416.35263,0.27944747,2.2355797
2017-03-01,1355.3005,0.08383424,19.796947,67.205284,1.201624,1.6441014,0.027944745,0.05588949,80.74432,0.11177898,4.3097534,0.4610883,0.013972373,0.05588949,0.4224588,229.73122,0.013972373,106.61605,5.149508,69.4299,7.418743,25.91312,0.12729144,96.97857,16.493378,36.32817,8.386953,1.159707,61.522102,10.98886,1.4531268,420.43356,3.2974799,28.674099,35.464325,280.54547,419.56982,5.469635,0.22355796,14.093467,0.16766848,29.690218,1.0518049,4.8204684,4.2275805,0.16766848,3.2136457,0.39122644,48.426342,7.091977,6.1244535,826.58813,24.873617,10.232011,0.5628347,1.5372826,9.443956,0.62875676,17.931656,2.2478054,4.3753004,9.780661,1.1876516,24.941925,137.09943,0.24544801,1.5997007,0.9780661,27.468159,2.294736,94.08932,7.782612,2.4311929,12.936241,38.939068,0.600812,11.122008,0.027944745,1.743692,16.532145,211.56152,85.05095,15.70029,0.75675654,2.095856,5.4306817,29.242868,6.771943,49.082375,7966.0767,2.84645,3.4651484,24.14426,46.16405,0.027944745,121.79351,7.1440206,80.36518,2.668723,42.2804,62.44216,0.06986187,2533.856,44.47453,0.8726495,2.8274786,5.9959393,0.47273195,1.8854771,61.078346,9.040591,40.45197,0.013972373,0.7265634,41.721504,4.8390985,4.037886,358.33203,0.27944747,2.2355797
2017-04-01,1417.9498,0.08383424,18.892319,67.205284,1.201624,1.4950439,0.027944745,0.05588949,80.74432,0.11177898,9.513075,0.4610883,0.013972373,0.05588949,0.4224588,229.73122,0.013972373,125.872375,5.2446966,69.344284,7.418743,28.03019,0.12729144,101.269875,16.477713,36.32817,9.160365,1.159707,61.522102,10.98886,1.4531268,534.75574,3.2974799,28.661907,35.464325,280.54547,419.3239,2.175936,0.22355796,14.093467,0.6378363,29.690218,1.0518049,4.8204684,4.2275805,0.16766848,3.2136457,0.7740265,51.347466,7.091977,4.9068146,872.02264,24.873617,10.232011,0.5628347,1.5092622,8.3441925,0.62875676,17.931656,2.2478054,4.3753004,9.780661,1.1876516,24.941925,113.168564,0.24544801,1.6171082,0.9780661,27.258284,2.294736,99.36769,7.782612,2.4311929,12.686217,42.527702,0.600812,11.122008,0.027944745,1.743692,22.653545,191.95662,73.099976,15.70029,0.75675654,2.095856,5.4306817,42.037693,6.771943,46.926826,7966.0767,16.72962,3.4651484,24.14426,46.16405,0.027944745,110.97901,7.1440206,81.31156,2.668723,42.2804,61.92282,0.06986187,2342.4058,44.47453,0.8490398,4.476412,5.9959393,0.47273195,2.0255656,39.771675,9.040591,42.870213,0.013972373,0.7265634,41.721504,4.8390985,4.1660056,343.43964,0.27944747,2.2355797
2017-05-01,1456.4783,0.08383424,18.317686,67.205284,1.201624,1.6459916,0.027944745,0.05588949,80.74432,0.11177898,7.1827245,0.49122962,0.013972373,0.05588949,0.4224588,229.73122,0.013972373,139.5181,5.088177,69.344284,7.418743,24.877401,0.12729144,83.5405,16.477713,36.32817,10.742945,1.159707,61.522102,10.98886,1.4531268,762.99274,3.2974799,38.656025,35.464325,280.54547,422.98282,4.49452,0.22355796,14.093467,0.7412571,29.690218,1.0518049,4.8204684,4.2275805,0.16766848,3.2136457,0.51158655,52.391296,7.091977,6.8778696,971.84875,24.873617,10.232011,0.5628347,1.7460434,8.27935,0.62875676,17.931656,2.2478054,4.3753004,9.948975,1.1876516,24.941925,96.13692,0.24544801,1.5875962,0.9780661,24.030777,2.294736,94.571465,7.782612,2.4311929,12.613808,38.70061,0.600812,11.122008,0.027944745,1.743692,25.594616,194.52173,49.384945,15.70029,0.75675654,2.095856,5.4306817,42.003426,6.771943,47.430603,7966.0767,11.841996,3.4651484,24.14426,46.16405,0.027944745,105.069855,7.1440206,127.69951,2.668723,42.2804,86.357155,0.9698857,2231.969,44.47453,0.82436997,4.498451,5.9959393,0.47273195,2.1014633,53.141445,9.040591,41.57988,0.013972373,0.7265634,41.721504,4.8390985,4.0416307,279.51913,0.27944747,2.2355797
2017-06-01,1487.6913,0.08383424,18.381657,67.205284,1.201624,1.5338905,0.027944745,0.05588949,80.74432,0.11177898,5.1048117,0.4610883,0.013972373,0.05588949,0.4224588,229.73122,0.013972373,164.83257,5.2457156,69.344284,7.418743,23.192888,0.12729144,145.01855,22.85481,36.32817,9.872879,1.159707,62.017323,10.98886,1.4531268,710.4765,3.2974799,34.680008,35.464325,280.54547,419.3239,1.9490265,0.22355796,14.093467,0.16766848,29.690218,1.0518049,4.8204684,4.2275805,0.16766848,3.2136457,0.634457,59.864395,7.091977,6.0628433,974.7787,24.873617,10.232011,0.5628347,0.82436997,13.070333,0.62875676,17.931656,2.2478054,4.3753004,14.511369,1.1876516,24.941925,107.50239,0.24544801,1.5718919,0.9780661,25.73554,2.294736,87.58627,7.782612,2.4311929,12.716392,39.19465,0.600812,11.122008,0.027944745,1.743692,21.551144,168.68837,62.391006,15.70029,0.75675654,2.095856,5.4306817,108.32606,6.771943,47.183533,7966.0767,8.319432,3.4651484,24.14426,46.16405,0.027944745,99.731255,7.1440206,95.600876,2.668723,42.2804,103.32093,0.51864314,2150.2104,44.47453,0.84951234,4.2944093,5.9959393,0.47273195,1.6978118,40.970135,9.040591,39.200607,0.013972373,0.7265634,41.721504,4.8390985,5.8324018,271.21643,0.27944747,2.2355797
2017-07-01,1340.3341,0.08383424,19.692268,67.205284,1.201624,1.4950439,0.027944745,0.05588949,80.74432,0.11177898,3.9319603,0.4610883,0.013972373,0.05588949,0.4224588,229.73122,0.013972373,157.41728,7.609531,69.344284,7.418743,25.104836,0.12729144,190.94426,20.181616,36.32817,9.542964,1.159707,61.522102,10.98886,1.4531268,607.32135,3.2974799,32.470417,35.464325,280.54547,419.3239,1.9018072,0.22355796,14.093467,0.16766848,29.690218,1.0518049,4.8204684,4.2275805,0.16766848,3.2136457,0.39122644,64.13395,7.091977,10.049544,1041.1179,24.873617,10.232011,0.5628347,0.82436997,13.713418,0.62875676,17.931656,2.2478054,4.3753004,12.594772,1.1876516,24.941925,115.585556,0.24544801,1.5881869,0.9780661,33.759777,2.294736,83.905464,7.782612,2.4311929,12.613808,44.239895,0.600812,11.122008,0.027944745,1.743692,14.553974,256.7395,75.714584,15.70029,0.75675654,2.095856,5.4306817,135.45914,6.771943,46.951523,7966.0767,3.7995932,3.4651484,24.14426,46.16405,0.027944745,116.167076,7.1440206,82.16347,2.668723,42.2804,82.45724,0.06986187,2163.3936,44.47453,0.82436997,4.877482,5.9959393,0.47273195,1.546518,42.76345,9.040591,39.73797,0.013972373,0.7265634,41.721504,4.8390985,5.6042566,220.14485,0.27944747,2.2355797
2017-08-01,1575.771,0.08383424,19.330313,67.205284,1.201624,1.4950439,0.027944745,0.05588949,80.74432,0.11177898,3.610381,0.4610883,0.013972373,0.05588949,0.4224588,229.73122,0.013972373,144.49759,7.5495024,69.344284,7.418743,28.65679,0.12729144,157.62283,19.413164,36.32817,9.6088505,1.159707,61.522102,10.98886,1.4531268,523.1825,3.2974799,44.255997,35.464325,280.54547,419.3239,1.8583256,0.22355796,14.093467,0.6818974,29.690218,1.0518049,4.8204684,4.2275805,0.16766848,3.2136457,0.39122644,55.25504,7.091977,6.315683,841.67505,24.873617,10.232011,0.5628347,1.631264,14.505717,0.62875676,17.931656,2.2478054,4.3753004,52.235058,1.1876516,24.941925,130.05493,0.24544801,1.5718919,0.9780661,44.75513,2.294736,94.75784,7.782612,2.4311929,12.613808,43.009426,0.600812,11.122008,0.027944745,1.743692,16.871817,235.96199,59.8679,15.70029,0.75675654,2.095856,5.4306817,140.65921,6.771943,46.926826,7966.0767,4.4801345,3.4651484,24.14426,46.16405,0.027944745,126.22023,7.1440206,84.92044,2.668723,42.2804,78.56526,0.26576513,2252.4392,44.47453,0.82436997,4.1921997,5.9959393,0.47273195,1.3869214,36.721333,9.040591,42.30789,0.013972373,0.7265634,41.721504,4.8390985,4.73842,240.08743,0.27944747,2.2355797
2017-09-01,1538.6077,0.08383424,18.54467,67.205284,1.201624,1.6253724,0.027944745,0.05588949,80.74432,0.11177898,3.018809,0.4610883,0.013972373,0.05588949,0.4224588,229.73122,0.013972373,116.672,6.3949776,69.344284,7.418743,31.845104,0.12729144,181.2338,16.494226,36.32817,10.084451,1.159707,61.522102,10.98886,1.4531268,486.5411,3.2974799,31.034458,35.464325,280.54547,419.3239,1.9027523,0.22355796,14.093467,0.16962597,29.690218,1.0518049,4.8204684,4.2275805,0.16766848,3.2136457,0.39122644,51.85746,7.091977,6.1377096,769.52826,24.873617,10.232011,0.5628347,1.0963644,19.192564,0.62875676,17.931656,2.2478054,4.3753004,40.75818,1.1876516,24.941925,111.58773,0.24544801,1.5718919,0.9780661,36.606968,2.294736,89.109535,7.782612,2.4311929,12.613808,477.68518,0.600812,11.122008,0.027944745,1.743692,21.755785,236.23552,59.282948,15.70029,0.75675654,2.095856,5.4306817,121.04097,6.771943,47.264503,7966.0767,1.2924445,3.4651484,24.14426,46.16405,0.027944745,113.0728,7.1440206,101.44276,4.9567323,42.2804,71.844185,0.3088571,2239.7107,44.47453,0.82436997,3.8101869,5.9959393,0.47273195,1.7198554,40.379604,9.040591,41.969578,0.013972373,0.7265634,41.721504,4.8390985,4.966155,213.24605,0.27944747,2.2355797
2017-10-01,1544.1326,0.08383424,18.401897,67.205284,1.201624,1.4950439,0.027944745,0.05588949,80.74432,0.11177898,4.3076906,0.4610883,0.013972373,0.05588949,0.4224588,229.73122,0.013972373,132.8198,7.618238,69.344284,7.418743,31.85989,0.12729144,139.3337,18.679527,36.32817,9.793586,1.159707,61.522102,10.98886,1.4531268,402.71353,3.2974799,25.618387,35.464325,280.54547,419.3239,1.8583256,0.22355796,14.093467,0.51441395,29.690218,1.0518049,4.8204684,4.2275805,0.16766848,3.2136457,0.39122644,49.331963,7.091977,4.5815406,846.0724,24.873617,10.232011,0.5628347,1.2717749,16.350262,0.62875676,17.931656,2.2478054,4.3753004,25.176825,1.1876516,24.941925,89.7822,0.24544801,1.5718919,0.9780661,37.209694,2.294736,98.22315,7.782612,2.4311929,12.613808,259.9382,0.600812,11.122008,0.027944745,1.743692,13.031266,234.10626,51.781048,15.70029,0.75675654,2.095856,5.4510775,98.18665,6.771943,47.512394,7966.0767,1.2924445,3.4651484,24.14426,46.16405,0.027944745,125.51116,7.1440206,69.78748,3.7352633,42.2804,70.19929,0.06986187,2375.708,44.47453,0.84435755,3.8313076,5.9959393,0.47273195,1.3786507,37.382687,9.040591,38.410053,0.013972373,0.7265634,41.721504,4.8390985,4.646663,205.23427,0.27944747,2.2355797
2017-11-01,1547.3707,0.08383424,18.92029,67.205284,1.201624,1.4950439,0.027944745,0.05588949,80.74432,0.11177898,3.5669022,0.4610883,0.013972373,0.05588949,0.4224588,229.73122,0.013972373,115.24336,7.872698,69.344284,7.418743,36.91662,0.12729144,137.39786,18.27616,36.32817,12.565489,1.159707,61.522102,10.98886,1.4531268,438.22336,3.2974799,37.83563,35.464325,280.54547,423.7554,1.8583256,0.22355796,14.093467,0.16766848,29.690218,1.0518049,4.8204684,4.2275805,0.16766848,3.2136457,0.39122644,49.73062,7.091977,5.2695403,754.2928,25.126198,10.232011,0.5628347,0.82436997,16.268473,0.62875676,17.931656,2.2478054,4.3753004,19.951702,1.1876516,24.941925,66.282745,0.24544801,1.5817434,0.9780661,42.2354,2.294736,99.04899,7.782612,2.4311929,12.613808,43.03757,0.600812,11.122008,0.027944745,1.743692,21.563387,218.43619,62.701775,15.70029,0.75675654,2.095856,5.837223,91.24533,6.771943,46.926826,7966.0767,3.9520633,3.4651484,24.14426,46.16405,0.027944745,218.04836,7.1440206,63.942837,3.3575091,42.2804,64.07451,0.06986187,2393.9065,44.47453,0.82436997,4.216332,5.9959393,0.47273195,1.4534686,28.791971,9.040591,38.248993,0.013972373,0.7265634,41.721504,4.8390985,5.944616,219.21681,0.27944747,2.2355797
2017-12-01,1458.7446,0.08383424,17.688498,67.205284,1.201624,1.4950439,0.027944745,0.05588949,80.74432,0.11177898,3.8696043,0.4610883,0.013972373,0.05588949,0.4224588,229.73122,0.013972373,106.55642,7.8891525,69.344284,7.418743,34.639656,0.12729144,119.7894,17.438131,36.32817,11.677269,1.159707,61.522102,10.98886,1.4531268,432.5737,3.2974799,89.31177,35.464325,280.54547,420.19196,1.8583256,0.22355796,14.093467,0.16766848,29.690218,1.0518049,4.8204684,4.2275805,0.16766848,3.9749756,0.39122644,49.874187,7.0937915,5.1997604,665.31537,25.182367,10.232011,0.5628347,0.82436997,16.309938,0.62875676,17.931656,2.2478054,4.3753004,22.087217,1.1876516,24.941925,73.21701,0.24544801,1.5718919,0.9780661,34.58441,2.294736,108.4493,7.782612,2.4311929,12.613808,132.32503,0.600812,11.122008,0.027944745,1.743692,14.44083,191.59764,49.536427,15.70029,0.75675654,2.095856,5.849951,77.8565,6.771943,46.926826,7966.0767,1.805338,3.4651484,24.14426,46.16405,0.027944745,175.4292,7.1440206,79.714455,2.7364807,42.2804,67.70732,0.2841239,2233.9495,44.47453,0.82436997,3.9476104,5.9959393,0.47273195,1.2555856,27.915012,9.040591,36.749825,0.013972373,0.7265634,41.721504,4.8390985,4.829893,235.59853,0.27944747,2.2355797
2018-01-01,1265.6289,0.08383424,17.174538,67.205284,1.201624,1.4950439,0.027944745,0.05588949,80.74432,0.11177898,3.0340495,0.4610883,0.013972373,0.05588949,0.4224588,229.73122,0.013972373,99.125755,6.9352684,69.344284,7.418743,35.380882,0.12729144,112.48033,19.019087,36.32817,10.638386,1.159707,61.522102,10.98886,1.4531268,476.51904,3.2974799,58.13193,35.464325,280.54547,419.3239,1.8924427,0.22355796,14.093467,0.16766848,29.690218,1.0518049,4.8204684,4.2275805,0.16766848,3.6943896,0.39122644,53.06217,7.091977,5.86016,602.4367,25.000582,10.232011,0.5628347,0.82436997,16.119934,0.62875676,17.931656,2.2478054,4.3753004,16.631643,1.1876516,24.941925,56.977116,0.24544801,1.5718919,1.0081236,25.074997,2.294736,91.99273,7.782612,2.4311929,12.613808,151.7245,0.600812,11.122008,0.027944745,1.743692,13.724306,194.52788,50.030853,15.70029,0.75675654,2.095856,5.5536647,65.03922,6.771943,47.327156,7966.0767,3.0390344,3.4651484,24.14426,46.16405,0.027944745,155.13147,7.1440206,147.88632,3.3650699,42.2804,67.56746,0.07067748,1964.2119,44.47453,0.82436997,3.5094984,5.9959393,0.47273195,1.3659494,35.64748,9.040591,35.425297,0.013972373,0.7265634,41.721504,4.8390985,4.601975,346.72607,0.27944747,2.2355797
2018-02-01,1365.7645,0.08383424,18.205294,67.205284,1.201624,1.4950439,0.027944745,0.05588949,80.74432,0.11177898,2.3581536,0.4610883,0.013972373,0.05588949,0.4224588,229.73122,0.013972373,118.659874,7.2244396,69.344284,7.418743,35.004417,0.12729144,123.22049,19.242289,36.32817,15.959784,1.159707,61.522102,10.98886,1.4531268,420.23917,3.2974799,42.397068,35.464325,280.54547,428.5207,1.8583256,0.22355796,14.093467,0.16766848,29.690218,1.0518049,4.8204684,4.2275805,0.16766848,3.5055125,0.39122644,52.83612,7.091977,6.8689914,522.0035,24.873617,10.232011,0.5628347,0.82436997,17.245783,0.62875676,17.931656,2.2478054,4.3753004,9.780661,1.1876516,24.941925,56.11116,0.24544801,1.5718919,1.0220497,38.221195,2.294736,222.80257,7.782612,2.4311929,13.429289,33.785397,0.600812,11.122008,0.027944745,1.743692,15.227251,224.56474,41.29513,15.70029,0.75675654,2.095856,5.4306817,69.30741,6.771943,46.926826,7966.0767,1.4068768,3.4651484,24.14426,46.16405,0.027944745,133.21735,7.1440206,101.88285,2.9166656,42.2804,65.75775,0.21433917,1975.1079,44.47453,0.82436997,4.0218387,5.9959393,0.47273195,1.391982,28.381315,9.040591,33.93577,0.013972373,0.7265634,41.721504,4.8390985,3.7628148,334.03372,0.27944747,2.2355797
2018-03-01,1361.357,0.08383424,17.878502,67.205284,1.201624,1.4950439,0.027944745,0.05588949,80.74432,0.11177898,2.083446,0.4610883,0.013972373,0.05588949,0.4224588,229.73122,0.013972373,109.350845,7.823658,69.344284,7.418743,38.388996,0.12729144,109.42332,17.638151,36.32817,16.093115,1.159707,61.522102,10.98886,1.4531268,437.61392,3.2974799,63.771564,35.464325,280.54547,421.4913,1.8583256,0.22355796,14.093467,0.16766848,29.690218,1.0518049,4.8204684,4.2275805,0.16766848,3.2136457,0.39122644,54.61534,7.091977,5.9832106,420.74194,25.482136,10.232011,0.5628347,0.82436997,16.790754,0.62875676,17.931656,2.2478054,4.3753004,21.271826,1.1876516,24.941925,55.09762,0.24544801,1.5718919,0.9984401,51.755764,2.294736,267.3851,7.782612,2.4311929,13.587625,33.785397,0.600812,11.122008,0.027944745,1.743692,12.743818,215.86414,44.561928,15.70029,0.75675654,2.095856,5.62847,73.44166,6.771943,47.191334,7966.0767,1.3989619,3.4651484,24.14426,46.16405,0.027944745,149.83499,7.1440206,120.86294,2.7500052,42.2804,67.48998,0.06986187,2026.1956,44.47453,0.8587234,4.1362505,5.9959393,0.47273195,1.2307867,27.10943,9.040591,33.888393,0.013972373,0.7265634,41.721504,4.8390985,4.8557787,299.76523,0.27944747,2.4882123
2018-04-01,1403.889,0.08383424,17.660248,67.205284,1.201624,1.4950439,0.027944745,0.05588949,80.74432,0.11177898,1.984077,0.4610883,0.013972373,0.05588949,0.4224588,229.73122,0.013972373,108.3323,10.152439,69.344284,7.418743,35.38389,0.12729144,88.460785,18.011896,36.32817,17.606443,1.159707,61.522102,10.98886,1.4531268,381.05676,3.2974799,68.99587,35.464325,280.54547,419.3239,2.3647423,0.22355796,14.093467,0.16766848,29.690218,1.0518049,4.8204684,4.2275805,0.16766848,3.5092926,0.39122644,54.0404,7.091977,5.5737314,372.97632,26.039566,10.232011,0.5628347,0.82436997,14.884057,0.62875676,17.931656,2.2478054,4.3753004,17.315857,1.1876516,24.941925,47.755695,0.24544801,1.5718919,0.9780661,66.90502,2.294736,324.58792,7.782612,2.4311929,13.237857,139.97305,0.600812,11.122008,0.027944745,1.743692,10.917087,196.31229,38.885315,15.70029,0.75675654,2.095856,5.4306817,67.211716,6.771943,46.926826,7966.0767,1.5254357,3.4651484,24.14426,46.16405,0.027944745,156.00117,7.1440206,87.44253,2.9098225,42.2804,68.26462,0.06986187,2324.4756,44.47453,0.8726495,3.1824653,5.9959393,0.47273195,1.6064482,32.597298,9.040591,31.717196,0.013972373,0.7265634,41.721504,4.8390985,4.454487,239.33926,0.27944747,2.4583776
2018-05-01,1483.3889,0.08383424,17.24874,67.205284,1.201624,1.4950439,0.027944745,0.05588949,80.74432,0.11177898,1.9916052,0.4610883,0.013972373,0.05588949,0.4224588,229.73122,0.013972373,92.96026,8.412301,69.344284,7.418743,47.579865,0.12729144,81.154915,18.704126,36.32817,14.643914,1.159707,61.522102,10.98886,1.4531268,338.182,3.2974799,49.22201,35.464325,280.54547,419.3239,2.1629884,0.22355796,14.093467,0.16766848,29.690218,1.0518049,4.8204684,4.2275805,0.16766848,3.2850907,0.39122644,60.74876,7.1055818,5.1546483,364.895,26.279701,10.232011,0.5628347,0.82436997,12.570011,0.62875676,17.931656,2.2478054,4.3753004,16.683994,1.1876516,24.941925,32.648933,0.24544801,1.5718919,0.99891263,75.10953,2.294736,332.0087,7.782612,2.4311929,12.613808,44.145767,0.600812,11.122008,0.027944745,1.743692,28.136164,224.79991,34.078938,15.70029,0.75675654,2.095856,5.4306817,50.57268,6.771943,47.433514,7966.0767,1.4528888,3.4651484,24.14426,46.16405,0.027944745,176.96622,7.1440206,116.12589,3.2825928,42.2804,63.18338,0.06986187,1904.1808,44.47453,0.8490398,3.8296366,5.9959393,0.47273195,1.5341455,32.733013,9.040591,32.720722,0.013972373,0.7265634,41.721504,4.8390985,4.5980744,243.99039,0.27944747,2.363939
2018-06-01,1648.1736,0.08383424,17.373207,67.205284,1.201624,1.4950439,0.027944745,0.05588949,80.74432,0.11177898,2.2065578,1.0750569,0.013972373,0.05588949,0.4224588,229.73122,0.013972373,96.586105,8.660507,71.0815,7.418743,44.49856,0.12729144,80.94877,17.88207,36.32817,16.938107,1.159707,61.522102,10.98886,1.4531268,301.41214,3.2974799,54.946,35.464325,280.54547,424.32776,2.1894467,0.22355796,14.093467,0.16766848,29.690218,1.0518049,4.8204684,4.2275805,0.16766848,3.2136457,0.39122644,59.656937,7.091977,4.8851113,359.0624,25.660625,10.232011,0.5628347,0.82436997,12.393817,0.62875676,17.931656,2.2478054,4.3753004,9.780661,1.1876516,24.941925,53.51799,0.24544801,1.5718919,0.9780661,77.04085,2.294736,363.2781,7.782612,2.4311929,13.926002,107.13959,0.600812,11.122008,0.027944745,1.743692,21.03672,212.07393,31.842947,15.70029,0.75675654,2.095856,5.4306817,42.022324,6.771943,46.926826,7966.0767,1.5194305,3.4651484,24.14426,46.16405,0.027944745,174.54741,7.1440206,109.491875,2.6865113,42.2804,74.930214,0.06986187,1788.6548,44.47453,0.82436997,3.919704,5.9959393,0.47273195,1.8007438,28.80009,9.040591,32.97402,0.013972373,0.7265634,41.721504,4.8390985,6.029002,281.718,0.27944747,2.2355797
2018-07-01,1520.9475,0.08383424,17.200962,67.205284,1.201624,1.4950439,0.027944745,0.05588949,80.74432,0.11177898,2.0997567,0.73760355,0.013972373,0.05588949,0.4224588,229.73122,0.013972373,93.96775,7.048961,71.58254,7.418743,51.611107,0.12729144,73.801285,17.494555,36.32817,19.071505,1.159707,61.522102,10.98886,1.4531268,291.7674,3.2974799,53.35009,35.464325,280.54547,419.3239,1.9298686,0.22355796,14.093467,0.16766848,29.690218,1.0518049,4.8204684,4.2275805,0.16766848,3.2136457,0.39122644,55.025494,7.394152,8.832674,307.89294,25.28423,10.232011,0.5628347,0.82436997,12.249092,0.62875676,17.931656,2.2478054,4.3753004,9.780661,1.1876516,24.941925,78.443054,0.24544801,1.5718919,0.9780661,80.7125,2.294736,358.8649,7.782612,2.4311929,20.566399,35.898415,0.600812,11.122008,0.027944745,1.743692,9.899659,241.12614,32.781067,15.70029,0.75675654,2.095856,5.5138,41.221912,6.771943,47.136925,7966.0767,1.7051177,3.4651484,24.14426,46.16405,0.027944745,213.75485,7.1440206,115.7972,2.668723,42.2804,69.64531,0.06986187,1573.055,44.47453,0.84951234,5.7067876,5.9959393,0.47273195,1.4541154,36.39262,9.040591,32.150066,0.013972373,0.7265634,41.721504,4.8390985,6.0709743,388.0827,0.27944747,2.3658295
2018-08-01,1811.9279,0.08383424,17.575815,67.205284,1.201624,1.4950439,0.027944745,0.05588949,80.74432,0.11177898,2.1286578,0.6516768,0.013972373,0.05588949,0.4224588,229.73122,0.013972373,101.06654,6.8770456,70.314766,7.418743,70.37113,0.12729144,65.94896,18.958189,36.32817,20.644817,1.159707,61.522102,10.98886,1.4531268,276.73956,3.2974799,62.371212,35.464325,280.54547,419.3239,2.1427252,0.22355796,14.093467,0.16766848,29.690218,1.0518049,4.8204684,4.2275805,0.16766848,3.4680543,0.39122644,52.830463,7.2663827,11.528485,264.9806,26.17679,10.232011,0.5628347,0.82436997,11.7069435,0.62875676,17.931656,2.2478054,4.3753004,9.780661,1.1876516,24.941925,61.22713,0.24544801,1.5718919,0.9780661,78.25703,2.294736,398.0152,7.782612,2.4311929,19.246271,35.827103,0.600812,11.122008,0.027944745,1.743692,16.790228,232.39694,66.263885,15.70029,0.75675654,2.095856,5.4306817,44.341827,6.771943,46.926826,7966.0767,1.5823023,3.4651484,24.14426,46.16405,0.027944745,180.63654,7.1440206,120.40907,2.668723,42.2804,67.25057,0.06986187,1420.7878,44.47453,0.82436997,4.3527555,5.9959393,0.47273195,2.9612255,43.349464,9.040591,30.067844,0.013972373,0.7265634,41.721504,4.8390985,4.957884,424.98157,0.27944747,2.2537282
2018-09-01,1754.4713,0.08383424,17.324787,67.205284,1.201624,1.4950439,0.027944745,0.05588949,80.74432,0.11177898,2.0953646,0.515496,0.013972373,0.05588949,0.4224588,229.73122,0.013972373,103.22334,7.075954,69.344284,7.418743,60.735294,0.12729144,61.98305,23.51128,36.32817,17.262964,1.159707,61.522102,10.98886,2.5729475,285.21497,3.2974799,44.82459,35.464325,280.54547,429.2392,1.8995137,0.22355796,14.093467,0.16766848,29.690218,1.0518049,4.8204684,4.2275805,0.16766848,3.2136457,0.39122644,55.456978,7.2691064,10.247151,236.12105,25.956083,10.232011,0.5628347,0.82436997,13.019478,0.62875676,17.931656,2.2478054,4.3753004,9.780661,1.1876516,24.941925,58.90678,0.24544801,1.5718919,0.99375784,59.977547,2.294736,428.17642,7.782612,2.4311929,18.348886,36.573074,0.600812,11.122008,0.027944745,1.743692,14.149052,211.36957,46.647556,15.70029,0.75675654,2.095856,5.4306817,32.7941,6.771943,46.926826,7966.0767,1.893465,3.4651484,24.14426,46.16405,0.027944745,151.21281,7.1440206,122.91111,2.668723,42.2804,57.49709,0.06986187,1067.4977,44.47453,0.82436997,5.4104934,5.9959393,0.47273195,1.9727414,42.787724,9.040591,33.088028,0.013972373,0.7265634,41.721504,4.8390985,4.4306808,405.69806,0.27944747,2.2355797
2018-10-01,1815.2667,0.08383424,17.874027,67.205284,1.201624,1.510652,0.027944745,0.05588949,80.74432,0.11177898,1.984077,0.6409353,0.013972373,0.05588949,0.4224588,229.73122,0.013972373,146.41066,12.196133,70.230064,7.418743,84.687256,0.12729144,55.411373,28.018475,36.32817,19.476871,1.159707,61.522102,10.98886,1.9830773,295.3222,3.2974799,34.10972,35.464325,280.54547,432.17615,1.9514627,0.22355796,14.093467,0.16766848,29.690218,1.0518049,4.8204684,4.2275805,0.16766848,3.2136457,0.39122644,51.668842,7.091977,9.299671,218.16249,25.68589,10.232011,0.5628347,0.82436997,13.257237,0.62875676,17.931656,2.2478054,4.3753004,9.780661,1.1876516,24.941925,65.53586,0.24544801,1.5718919,0.9780661,60.071,2.294736,459.1483,7.782612,2.4311929,19.695349,36.69389,0.600812,11.122008,0.027944745,1.743692,6.93874,193.89679,44.887222,15.70029,0.75675654,2.095856,5.4306817,29.495644,6.771943,46.926826,7966.0767,1.5924243,3.4651484,24.14426,46.16405,0.027944745,179.48312,7.1440206,93.532166,2.668723,42.2804,67.079666,0.06986187,1098.1707,44.47453,0.82436997,5.1989346,5.9959393,0.47273195,2.2101853,34.64513,9.040591,30.060873,0.013972373,0.7265634,41.721504,4.8390985,4.401995,383.1045,0.27944747,2.2355797
2018-11-01,1844.8708,0.08383424,17.08523,67.205284,1.201624,1.5245779,0.027944745,0.05588949,80.74432,0.11177898,2.4152741,0.5288342,0.013972373,0.05588949,0.4224588,229.73122,0.013972373,127.97415,19.3019,69.72102,7.418743,76.61779,0.12729144,44.514015,41.770054,36.32817,18.647392,1.159707,61.522102,10.98886,1.7942003,300.01477,3.2974799,41.62501,35.464325,280.54547,429.6233,1.8583256,0.22355796,14.093467,0.16766848,29.690218,1.0518049,4.8204684,4.2275805,0.16766848,3.2136457,0.39122644,55.22862,7.1639,7.9068236,224.76752,24.873617,10.232011,0.5628347,0.82436997,13.178464,0.62875676,17.931656,2.2478054,4.3753004,9.780661,1.1876516,24.941925,51.884975,0.24544801,1.5718919,0.9780661,56.21563,2.294736,476.93646,7.782612,2.4311929,17.029768,35.354877,0.600812,11.122008,0.027944745,1.743692,10.200298,214.45026,33.192444,15.70029,0.75675654,2.095856,5.4306817,24.742987,6.771943,46.926826,7966.0767,1.5278046,3.4651484,24.14426,46.16405,0.027944745,191.63174,7.1440206,93.00212,2.668723,42.2804,61.37533,0.06986187,1078.049,44.47453,0.84435755,4.9018297,5.9959393,0.47273195,2.0194266,30.948753,9.040591,30.523043,0.013972373,0.7265634,41.721504,4.8390985,5.2154636,352.17618,0.27944747,2.34521
2018-12-01,2016.9315,0.08383424,17.28937,67.205284,1.201624,1.5009682,0.3879543,0.05588949,80.74432,0.11177898,2.3024046,0.5017212,0.013972373,0.05588949,0.4224588,229.73122,0.013972373,141.49571,21.226273,70.73496,7.418743,78.147766,0.12729144,79.96492,30.757143,36.32817,15.536361,1.159707,61.522102,10.98886,1.4654136,308.96387,3.2974799,39.858696,35.464325,280.54547,430.28162,2.0410132,0.22355796,14.093467,0.16766848,29.690218,1.0518049,4.8204684,4.2275805,0.16766848,28.090559,0.39122644,63.095547,7.091977,6.1224194,225.23814,26.600105,10.232011,0.5628347,0.82436997,10.113421,0.62875676,17.931656,2.2478054,4.3753004,9.780661,1.1876516,24.941925,41.072754,0.24544801,1.5718919,0.9780661,67.1438,2.294736,453.6839,7.782612,2.4311929,17.358192,34.854656,0.600812,11.122008,0.027944745,1.743692,12.126996,183.19621,42.79491,15.70029,0.75675654,2.095856,5.4306817,27.057598,6.771943,46.926826,7966.0767,1.3755907,3.4651484,24.14426,46.16405,0.027944745,208.32092,7.1440206,78.74127,2.668723,42.2804,67.72121,0.06986187,1127.4633,44.47453,0.82436997,4.4632263,5.9959393,0.47273195,1.9611726,30.535765,9.040591,28.179888,0.013972373,0.7265634,41.721504,4.8390985,5.607734,486.35663,0.27944747,2.2355797
2019-01-01,1929.3962,0.08383424,17.049238,67.205284,1.201624,1.4950439,0.20745726,0.05588949,80.74432,0.11177898,6.1430144,0.55883145,0.013972373,0.05588949,0.4224588,229.73122,0.013972373,116.7258,21.315432,71.29392,7.418743,63.552372,0.12729144,60.73407,25.540213,36.32817,13.730387,1.159707,61.522102,10.98886,1.7979805,464.99503,3.2974799,41.745094,35.464325,280.54547,436.82147,2.7193596,0.22355796,14.093467,0.16766848,29.690218,1.0518049,4.8204684,4.2275805,0.16766848,15.708657,0.39122644,56.171585,13.378054,5.5454507,219.21196,26.044544,10.232011,0.5628347,0.82436997,9.2762985,0.62875676,17.931656,2.2478054,4.3753004,9.780661,1.1876516,24.941925,41.509247,0.24544801,1.5718919,0.9780661,81.96281,2.294736,432.26144,7.782612,2.4311929,22.834044,36.528416,0.600812,11.122008,0.027944745,1.743692,18.819656,173.85086,27.070866,15.70029,0.75675654,2.095856,5.4306817,23.275068,6.771943,46.926826,7966.0767,1.4576161,3.4651484,24.14426,46.16405,0.027944745,207.81767,7.1440206,76.24818,2.668723,42.2804,60.35307,0.06986187,961.42566,44.47453,0.82436997,4.3792763,5.9959393,0.47273195,1.727903,24.906868,9.040591,29.914927,0.013972373,0.7265634,41.721504,4.8390985,5.5777936,380.57684,0.27944747,2.2355797
2019-02-01,1971.8379,0.08383424,17.049238,67.205284,1.201624,1.5014408,0.027944745,0.05588949,80.74432,0.11177898,3.9962394,0.620316,0.013972373,0.05588949,0.4224588,229.73122,0.013972373,103.93298,81.83674,71.30312,7.418743,74.38601,0.12729144,82.81639,20.418972,36.32817,17.9768,1.159707,61.522102,10.98886,1.5737784,380.75558,3.3201044,45.16278,35.464325,280.54547,438.82,2.320367,0.22355796,14.093467,0.16766848,29.690218,1.0518049,4.8204684,4.2275805,0.16766848,3.4216464,0.39122644,52.336132,9.907054,5.417525,202.46323,25.937952,10.232011,0.5628347,0.82436997,12.98999,0.62875676,17.931656,2.2478054,4.3753004,9.780661,1.1876516,24.941925,42.04689,0.24544801,1.5718919,0.9780661,85.100494,2.294736,452.2448,7.782612,2.4311929,25.122856,51.006203,0.600812,11.122008,0.027944745,1.743692,16.779161,181.62875,37.558598,15.70029,0.75675654,2.095856,5.4306817,25.370005,6.771943,46.926826,7966.0767,1.2924445,3.4651484,24.14426,46.16405,0.027944745,229.57724,7.1440206,84.39706,2.668723,42.2804,65.82544,0.06986187,859.7708,44.47453,0.82436997,5.8442492,5.9959393,0.47273195,1.6996018,22.29117,9.040591,27.278784,0.013972373,0.7265634,41.721504,4.8390985,8.395336,334.11298,0.27944747,2.7536595
2019-03-01,1803.264,0.08383424,17.049238,67.205284,1.201624,1.4950439,0.106306046,0.05588949,80.74432,0.11177898,3.6125958,0.5030036,0.013972373,0.05588949,0.4224588,229.73122,0.013972373,86.25355,76.39068,69.344284,7.418743,81.12794,0.12729144,58.60683,22.890202,36.32817,17.812351,1.159707,61.522102,10.98886,1.4904484,342.73245,3.3479564,44.211376,35.464325,280.54547,431.02283,2.077141,0.22355796,14.093467,0.16766848,29.690218,1.0518049,4.8204684,4.2275805,0.16766848,8.120368,0.39122644,59.74403,9.170591,11.055523,206.9325,24.873617,10.232011,0.5628347,0.82436997,11.706635,0.62875676,17.931656,2.2478054,4.3753004,9.780661,1.1876516,24.941925,63.108746,0.24544801,1.5718919,0.9780661,79.62173,2.294736,466.0129,7.782612,2.4311929,24.93196,56.29042,0.600812,11.122008,0.027944745,1.743692,17.313375,208.318,33.395576,15.70029,0.75675654,2.095856,5.4306817,25.53605,6.771943,46.926826,7966.0767,1.4146332,3.4651484,24.14426,46.16405,0.027944745,221.94194,7.1440206,73.73746,2.668723,42.2804,59.745632,0.06986187,732.068,44.47453,0.82436997,5.607853,5.9959393,0.47273195,1.4871167,22.054003,9.040591,31.234913,0.013972373,0.7265634,41.721504,4.8390985,7.587084,286.25443,0.27944747,2.5653589
2019-04-01,1959.2343,0.08383424,17.142447,67.205284,1.201624,1.4950439,0.123542845,0.05588949,80.74432,0.11177898,2.468381,0.4610883,0.013972373,0.05588949,0.4224588,229.73122,0.013972373,90.58375,41.270603,70.25767,7.418743,78.87035,0.12729144,57.781593,19.45395,36.32817,18.88176,1.159707,61.522102,10.98886,1.5520844,291.51904,3.3007371,43.6664,35.464325,280.54547,423.67792,1.8583256,0.22355796,14.093467,0.16766848,29.690218,1.0518049,4.8204684,4.2275805,0.16766848,9.965896,0.39122644,64.81265,7.9031935,8.516276,209.22824,25.682646,10.232011,0.5628347,0.82436997,12.750375,0.62875676,17.931656,2.2478054,4.3753004,9.780661,1.1876516,24.941925,43.5085,0.24544801,1.5718919,0.9780661,99.05503,2.294736,484.20648,7.782612,2.4311929,35.56408,63.19229,0.600812,11.122008,0.027944745,1.743692,44.119087,192.2525,37.951824,15.70029,0.75675654,2.095856,5.4306817,32.396248,6.771943,46.926826,7966.0767,1.2924445,3.4651484,24.14426,46.16405,0.027944745,205.13832,7.1440206,78.816986,2.668723,42.2804,60.305984,0.06986187,771.40356,44.47453,0.82436997,5.07853,5.9959393,0.47273195,2.0306304,22.109032,9.040591,32.04876,0.013972373,0.7265634,41.721504,4.8390985,5.6933355,319.41306,0.27944747,2.4355059
2019-05-01,1871.454,0.08383424,17.049238,67.205284,1.201624,1.4950439,0.027944745,0.05588949,80.74432,0.11177898,3.2401881,0.4610883,0.013972373,0.05588949,0.4224588,229.73122,0.013972373,87.82996,87.12271,70.113686,7.418743,71.63477,0.12729144,46.749306,46.459988,36.32817,16.33207,1.159707,61.522102,10.98886,1.7567421,305.54376,3.2974799,40.28437,35.464325,280.54547,424.6592,2.0954869,0.22355796,14.093467,0.16766848,29.690218,1.0518049,4.8204684,4.2275805,0.16766848,3.2136457,0.39122644,55.821747,9.18529,6.6282606,202.2377,25.394657,10.232011,0.5628347,0.82436997,12.994718,0.62875676,17.931656,2.2478054,4.3753004,9.780661,1.1876516,24.941925,151.11052,0.24544801,1.5718919,0.9780661,70.25133,2.294736,502.73056,7.782612,2.4311929,28.246407,62.340534,0.600812,11.122008,0.027944745,1.743692,28.141224,181.60304,36.283665,15.70029,0.75675654,2.095856,5.4306817,32.073177,6.771943,46.926826,7966.0767,1.385407,3.4651484,24.14426,46.16405,0.027944745,153.89688,7.1440206,77.87977,2.668723,78.796936,56.554092,0.06986187,607.7875,44.47453,0.82436997,4.2505317,5.9959393,0.47273195,1.9506453,20.870226,9.040591,34.57333,0.013972373,0.7636505,41.721504,4.8390985,7.086664,250.49063,0.27944747,2.2355797
2019-06-01,2002.4854,0.08383424,17.12301,67.205284,1.201624,1.496286,0.027944745,0.05588949,80.74432,0.11177898,2.4871936,0.4610883,0.19397715,0.05588949,0.4224588,229.73122,0.013972373,113.596794,72.40833,69.45926,7.418743,64.19824,0.12729144,61.524414,40.832684,36.32817,16.35906,1.159707,61.522102,10.98886,1.4531268,305.7317,3.3016822,39.75406,35.464325,280.54547,425.58896,1.9273353,0.22355796,14.093467,0.16766848,29.690218,1.0518049,4.8204684,4.2275805,0.16766848,3.2136457,0.39122644,58.818653,8.031127,5.4177213,198.93626,26.632498,10.232011,0.5628347,0.82436997,15.714181,0.62875676,17.931656,2.2478054,4.3753004,9.780661,1.1876516,24.941925,134.85751,0.24544801,1.5718919,0.9780661,63.93095,2.294736,468.75217,7.782612,2.4311929,32.829937,68.51305,0.600812,11.122008,0.027944745,1.743692,29.383245,170.0012,37.057785,15.70029,0.75675654,2.095856,5.4306817,28.41698,6.771943,46.926826,7966.0767,1.2924445,3.4651484,24.14426,46.16405,0.027944745,180.04594,7.1440206,68.8834,2.668723,59.28544,59.408474,0.06986187,687.03345,44.47453,0.82436997,5.0373607,5.9959393,0.47273195,1.9713312,21.84363,9.040591,33.031345,0.013972373,0.77757657,41.721504,4.8390985,7.180419,302.4222,0.27944747,2.4381046
2019-07-01,2079.6926,0.08383424,17.049238,67.205284,1.201624,1.4950439,0.11364956,0.05588949,80.74432,0.11177898,2.0799387,0.4610883,0.10372863,0.05588949,0.4224588,229.73122,0.013972373,92.69031,57.267143,69.344284,7.418743,90.19408,0.12729144,44.676643,41.97673,36.32817,14.461414,1.159707,61.522102,10.98886,1.4531268,390.39777,3.2974799,44.114285,35.464325,280.54547,422.53522,1.8648375,0.22355796,14.093467,0.16766848,29.690218,1.0518049,4.8204684,4.2275805,0.16766848,9.075148,0.39122644,58.084984,7.37632,5.7665224,204.6322,26.299631,10.232011,0.5628347,0.82436997,13.724092,0.67768914,17.931656,2.2478054,4.3753004,9.780661,1.1876516,24.941925,145.30673,0.24544801,1.7827051,0.9780661,87.45899,2.294736,582.3053,7.782612,2.4311929,36.384575,53.975697,0.600812,11.122008,0.027944745,1.743692,24.10342,186.22354,31.312214,15.70029,1.8841286,2.095856,5.4306817,23.451727,6.771943,46.926826,7966.0767,1.3137151,3.4651484,24.14426,46.16405,0.027944745,168.38303,7.1440206,53.92768,2.668723,53.264984,70.846634,0.06986187,732.25836,44.47453,0.82436997,3.367415,5.9959393,0.47273195,2.3280232,23.674288,9.040591,35.281143,0.013972373,0.7539669,41.721504,4.8390985,6.569258,240.3624,0.27944747,2.2839658
2019-08-01,2465.93,0.08383424,17.049238,67.205284,1.201624,1.4950439,0.028270993,0.05588949,80.74432,0.11177898,2.8968408,0.4610883,0.013972373,0.05588949,0.4224588,229.73122,0.013972373,98.34277,54.59836,70.298645,7.418743,69.63528,0.12729144,60.573425,28.09284,36.32817,14.140768,1.159707,61.522102,10.98886,1.4531268,358.5609,3.2974799,38.582657,35.464325,280.54547,419.3239,1.8583256,0.22355796,14.093467,0.16766848,29.690218,1.0518049,4.8204684,4.2275805,0.16766848,3.8172622,0.39122644,54.991005,7.863666,7.1386228,209.38916,26.433302,10.232011,0.5628347,0.82436997,11.630369,0.68250364,17.931656,2.2478054,4.3753004,9.780661,1.1876516,24.941925,108.82882,0.24544801,1.7419195,0.9780661,80.408325,2.294736,579.8545,7.782612,2.4311929,35.869072,50.32963,0.600812,11.122008,0.027944745,1.743692,26.092772,156.21187,33.96702,15.70029,8.770866,2.095856,5.4306817,22.638891,6.771943,46.926826,7966.0767,1.3276411,3.4651484,24.14426,46.16405,0.027944745,186.13136,7.1440206,51.612785,2.668723,43.406166,63.52489,0.06986187,768.22345,44.47453,0.82436997,3.883701,5.9959393,0.47273195,1.8976865,31.589832,9.040591,34.924053,0.013972373,0.7265634,41.721504,4.8390985,5.83661,243.628,0.27944747,2.2355797
2019-09-01,2294.1646,0.08383424,17.049238,67.205284,1.201624,1.4950439,0.085735664,0.05588949,80.74432,0.11177898,3.09906,0.4610883,0.053153023,0.05588949,0.4224588,229.73122,0.013972373,81.02071,58.65958,69.55782,7.418743,73.01365,0.12729144,45.649307,47.88326,36.32817,14.130834,1.159707,61.522102,10.98886,1.4531268,362.9618,3.2974799,38.15181,35.464325,280.54547,419.3239,2.064558,0.22355796,14.093467,0.16766848,29.690218,1.0518049,4.8204684,4.2275805,0.16766848,7.0932612,1.0194207,48.905552,8.821151,7.251682,207.93141,24.873617,10.232011,0.5628347,0.82436997,13.830817,0.658894,17.931656,2.2478054,4.3753004,9.780661,1.1876516,24.941925,123.92944,0.24544801,1.6710906,0.9780661,46.130867,2.294736,627.2516,7.782612,2.4311929,36.104473,53.635944,0.600812,11.122008,0.027944745,1.743692,16.45321,170.04735,30.331549,15.70029,5.006924,2.095856,5.4306817,20.957872,6.771943,46.926826,7966.0767,1.3040316,3.4651484,24.14426,46.16405,0.027944745,168.57637,7.1440206,48.791874,2.668723,53.38548,68.86849,0.06986187,800.3627,44.47453,0.82436997,3.173473,5.9959393,0.47273195,1.8642441,27.982824,9.040591,33.1167,0.013972373,0.7544395,41.721504,4.8390985,6.453049,260.99512,0.27944747,2.2355797
2019-10-01,2549.913,0.08383424,17.049238,67.205284,1.201624,1.4950439,0.027944745,0.05588949,80.74432,0.11177898,2.3424027,0.4610883,0.061771423,0.05588949,0.4224588,229.73122,0.013972373,74.08626,68.18489,69.712074,7.418743,63.384167,0.12729144,63.759148,31.435902,36.32817,15.834106,1.159707,61.522102,10.98886,1.4531268,330.9177,3.2974799,45.084354,35.464325,280.54547,419.3239,1.8583256,0.22355796,14.093467,0.16766848,29.690218,1.0518049,4.8204684,4.2275805,0.16766848,3.2136457,0.6819675,44.34799,7.6086726,6.2225523,212.00885,26.192898,10.232011,0.5628347,0.82436997,12.328799,0.62875676,17.931656,2.2478054,4.3753004,9.780661,1.1876516,24.941925,98.57059,0.24544801,1.5718919,0.9780661,70.96944,2.294736,637.74603,7.782612,2.4311929,37.85282,53.12908,0.600812,11.122008,0.027944745,1.743692,19.98652,159.0433,30.375338,15.70029,2.179229,2.095856,5.4306817,19.354296,6.771943,46.926826,7966.0767,1.2924445,3.4651484,24.14426,46.16405,0.027944745,185.89099,7.1440206,52.819744,2.668723,46.239037,60.565445,0.06986187,610.8134,44.47453,0.82436997,3.2405639,5.9959393,0.47273195,2.1847587,29.979809,9.040591,33.32351,0.013972373,0.7265634,41.721504,4.8390985,5.679557,217.49313,0.27944747,2.4097533
2019-11-01,2294.541,0.08383424,17.049238,67.205284,1.201624,1.5680465,0.027944745,0.05588949,80.74432,0.11177898,1.984077,0.4610883,0.013972373,0.05588949,0.4224588,229.73122,0.013972373,63.509033,75.55953,70.166565,7.418743,65.48501,0.12729144,54.130955,24.67584,36.32817,15.29214,1.159707,61.522102,10.98886,1.4531268,289.13507,3.2974799,48.589035,35.464325,280.54547,421.1092,1.8583256,0.22355796,14.093467,0.16766848,29.690218,1.0518049,4.8204684,4.2275805,0.16766848,3.2136457,0.59199125,48.55619,7.225403,5.9990106,212.17798,25.004967,10.232011,0.5628347,0.82436997,12.027189,0.65936655,17.931656,2.2478054,4.3753004,9.780661,1.1876516,24.941925,79.28851,0.24544801,1.6725082,0.9780661,56.41301,2.294736,679.4396,7.782612,2.4311929,46.620953,50.356544,0.600812,11.122008,0.027944745,1.743692,19.085722,149.70866,26.998554,15.70029,2.4283173,2.095856,5.4306817,19.765158,6.771943,46.926826,7966.0767,1.304504,3.4651484,24.14426,46.16405,0.027944745,162.48468,7.1440206,49.05006,2.668723,43.582886,61.13218,0.06986187,686.2865,44.47453,0.82436997,2.4926808,5.9959393,0.47273195,1.8895386,29.29587,9.040591,33.434467,0.013972373,0.7265634,41.721504,4.8390985,4.743561,202.39319,0.27944747,2.2355797
2019-12-01,2110.2202,0.08383424,17.275007,67.205284,1.201624,1.5958986,0.027944745,0.05588949,80.74432,0.11177898,1.984077,0.4610883,0.013972373,0.05588949,0.4224588,229.73122,0.013972373,70.51641,64.32954,70.44398,7.418743,49.611294,0.12729144,46.86981,25.978815,36.32817,13.305024,1.159707,61.522102,10.98886,1.4531268,316.40436,3.2974799,35.230297,35.464325,280.54547,422.4668,1.8583256,0.22355796,14.093467,0.16766848,29.690218,1.0518049,4.8204684,4.2275805,0.16766848,3.2136457,0.45833528,45.55139,7.4808917,52.102657,212.48642,27.558264,10.232011,0.5628347,0.82436997,9.917813,0.6313413,17.931656,2.2478054,4.3753004,9.780661,1.1876516,24.941925,82.37687,0.24544801,1.5884323,0.9780661,69.18987,2.294736,660.0725,7.782612,2.4311929,49.415085,46.630577,0.600812,11.122008,0.027944745,1.743692,18.32151,128.1286,27.434021,15.70029,2.9052908,2.095856,5.4306817,25.150204,6.771943,46.926826,7966.0767,1.3338735,3.4651484,24.14426,46.16405,0.027944745,133.08838,7.1440206,64.48913,2.668723,46.1688,55.82817,0.06986187,666.2978,44.47453,1.7182935,8.669435,5.9959393,0.47273195,1.6512394,25.400394,9.040591,34.027405,0.013972373,1.139134,41.721504,4.8390985,3.9660118,187.48184,0.27944747,2.2444155
2020-01-01,2002.8318,0.08383424,17.092905,67.205284,1.201624,1.5486794,0.027944745,0.05588949,80.74432,0.11177898,2.086,0.4610883,0.05682478,0.05588949,0.4224588,229.73122,0.013972373,67.53093,87.43468,70.54043,7.418743,49.706474,0.12729144,51.950058,33.657127,36.32817,12.119067,1.159707,61.522102,10.98886,1.4531268,343.19748,3.2974799,30.002518,35.464325,280.54547,419.3239,1.8583256,0.22355796,14.093467,0.16766848,29.690218,1.0518049,4.8204684,4.2275805,0.16766848,3.2136457,0.57302606,40.072147,7.113553,27.501556,211.03731,26.70876,10.232011,0.5628347,0.82436997,11.835522,0.62875676,17.931656,2.2478054,4.3753004,9.780661,1.1876516,24.941925,93.69721,0.24544801,1.5718919,0.9780661,65.09848,2.294736,675.46533,7.782612,2.4311929,42.921307,46.849358,0.600812,11.122008,0.027944745,1.743692,35.046574,127.499176,27.65834,15.70029,0.75675654,2.095856,5.4306817,24.324312,6.771943,46.926826,7966.0767,1.394778,3.4651484,24.14426,46.16405,0.027944745,157.56595,7.1440206,49.27568,2.668723,52.071,81.22269,0.06986187,686.14465,44.47453,1.2292529,6.053663,5.9959393,0.47273195,1.5209877,21.698975,9.040591,31.059143,0.013972373,0.96324676,41.721504,4.8390985,4.2229934,172.1601,0.27944747,2.3355954
2020-02-01,1965.9022,0.08383424,17.452621,67.205284,1.201624,1.4950439,0.027944745,0.05588949,80.74432,0.11177898,1.984077,0.4610883,0.014135497,0.05588949,0.4224588,229.73122,0.013972373,111.28267,88.00895,69.344284,7.418743,55.11217,0.12729144,71.16459,36.374226,36.32817,12.79548,1.159707,61.522102,10.98886,1.4531268,398.39606,3.2974799,30.192492,35.464325,280.54547,419.3239,1.8583256,0.22355796,14.093467,0.16766848,29.690218,1.0518049,4.8204684,4.2275805,0.16766848,3.2136457,0.46092498,38.71237,7.2222238,48.206894,213.65451,27.752838,10.232011,0.5628347,0.82436997,13.680546,0.71321297,17.931656,2.2478054,4.3753004,9.780661,1.1876516,24.941925,90.928444,0.24544801,1.5718919,0.9780661,84.10538,2.294736,760.1898,7.782612,2.4311929,39.631542,41.85815,0.600812,11.122008,0.027944745,1.743692,60.38833,141.23962,27.527958,15.70029,0.75675654,2.095856,5.4306817,22.026976,6.771943,46.926826,7966.0767,1.3595846,3.4651484,24.14426,46.16405,0.027944745,178.78894,7.1440206,50.29946,2.668723,42.60978,75.03215,0.06986187,723.19696,44.47453,1.0875952,3.4995785,5.9959393,0.47273195,1.5903188,20.61718,9.040591,31.479004,0.013972373,0.84163386,41.721504,4.8390985,3.9539492,192.32785,0.27944747,2.3119047
2020-03-01,1801.5024,0.08383424,17.250488,67.205284,1.201624,1.5496244,0.027944745,0.05588949,80.74432,0.11177898,1.984077,0.4610883,0.042867832,0.05588949,0.4224588,229.73122,0.013972373,106.25076,86.10634,69.388214,7.418743,61.044025,0.12729144,57.792824,38.469524,36.32817,13.103641,1.159707,61.522102,10.98886,1.4531268,389.5271,3.2974799,36.270576,35.464325,280.54547,419.3239,1.8583256,0.22355796,14.093467,0.16766848,29.690218,1.0518049,4.8204684,4.2275805,0.16766848,3.2136457,0.44608518,50.013977,7.229442,28.234926,212.34521,24.873617,10.232011,0.5628347,0.82436997,11.739149,0.7279098,17.931656,2.2478054,4.3753004,9.780661,1.1876516,24.941925,69.73482,0.24544801,1.6570438,0.9780661,92.058426,2.294736,839.9604,7.782612,2.4311929,41.685936,39.681187,0.600812,11.122008,0.027944745,1.743692,61.467403,130.36334,29.649712,15.70029,2.6475425,2.095856,5.5658665,19.859566,6.771943,46.926826,7966.0767,1.3432288,3.4651484,24.14426,46.16405,0.027944745,174.8633,7.1440206,39.44967,2.668723,42.2804,70.423355,0.06986187,873.49976,44.47453,0.8818494,4.6295867,5.9959393,0.47273195,1.7170055,19.365147,9.040591,30.936054,0.013972373,0.84776115,41.721504,4.8390985,3.1023972,203.75783,0.27944747,2.3167007
2020-04-01,1694.0332,0.08383424,17.431768,67.205284,1.201624,1.4950439,0.027944745,0.05588949,80.74432,0.11177898,2.0342,0.4610883,0.013972373,0.05588949,0.4224588,229.73122,0.013972373,97.427574,100.54277,69.34741,7.418743,58.090015,0.12729144,61.60533,30.364874,36.32817,11.271692,1.159707,61.522102,10.98886,1.4531268,382.68362,3.2974799,32.058895,35.464325,280.54547,419.3239,1.8583256,0.22355796,14.093467,0.16766848,29.690218,1.0518049,11.8022995,4.2275805,0.16766848,3.2136457,0.50167066,43.853157,7.220296,30.185087,209.89415,26.111986,10.232011,0.5628347,0.82436997,18.457119,0.6527292,17.931656,2.2478054,4.3753004,9.780661,1.1876516,24.941925,79.79609,0.24544801,1.5718919,0.9780661,129.14735,2.294736,888.1876,7.782612,2.4311929,54.33457,47.165695,0.600812,11.122008,0.027944745,1.743692,89.243645,174.52466,28.050333,15.70029,1.7680438,2.095856,5.635497,23.217491,6.771943,46.926826,7966.0767,1.2929174,3.4651484,24.14426,46.16405,0.027944745,198.13306,7.1440206,46.294212,2.668723,42.2804,60.190582,0.06986187,662.0422,44.47453,1.0904304,5.79278,5.9959393,0.47273195,1.9317946,20.12623,9.040591,31.952423,0.013972373,0.92212737,41.721504,4.8390985,2.6489542,222.69072,0.27944747,2.2355797
2020-05-01,1563.4749,0.08383424,17.049238,67.205284,1.201624,1.4950439,0.027944745,0.05588949,80.74432,0.11177898,2.0774956,0.4610883,0.013972373,0.05588949,0.4224588,229.73122,0.013972373,120.449394,106.617325,69.554115,7.418743,61.62329,0.12729144,53.81404,35.803844,36.32817,13.508221,1.159707,61.522102,10.98886,1.4531268,376.05295,3.2974799,30.778044,35.464325,280.54547,419.3239,1.8583256,0.22355796,14.093467,0.16766848,29.690218,1.0518049,8.005951,4.2275805,0.16766848,3.2136457,0.55240685,50.330627,7.3599763,11.928546,211.76836,25.466484,10.232011,0.5628347,0.82436997,17.525253,0.62875676,17.931656,2.2478054,4.3753004,9.780661,1.1876516,24.941925,71.86758,0.24544801,1.5718919,0.9780661,103.354965,2.294736,801.60156,7.782612,2.4311929,72.88062,51.347527,0.600812,11.122008,0.027944745,1.743692,73.197,177.74062,33.13998,15.70029,1.9394746,2.095856,5.5174484,25.767336,6.771943,46.926826,7966.0767,1.3246624,3.4651484,24.14426,46.16405,0.027944745,182.05565,7.2308774,39.387558,2.668723,42.2804,62.611015,0.06986187,575.52014,44.47453,0.92227876,3.8255155,5.9959393,0.47273195,1.8902624,19.50219,9.040591,29.699972,0.013972373,0.814442,41.721504,4.8390985,2.3834012,290.80832,0.27944747,2.2792041
2020-06-01,1457.643,0.08383424,17.274277,67.205284,1.201624,1.4950439,0.027944745,0.05588949,80.74432,0.11177898,2.0573955,0.4610883,0.013972373,0.05588949,0.4224588,229.73122,0.013972373,95.41321,109.190445,69.344284,7.418743,56.398098,0.12729144,51.924706,26.325018,36.32817,14.697342,1.159707,61.522102,10.98886,1.4531268,396.51288,3.2974799,44.188797,35.464325,280.54547,419.3239,1.8583256,0.22355796,14.093467,0.16766848,29.690218,1.0518049,7.0392737,4.2275805,0.16766848,8.830895,0.44584286,45.158413,7.351356,27.47571,209.56345,24.873617,10.232011,0.5628347,0.82436997,14.854,0.66097265,17.931656,2.2478054,4.3753004,9.780661,1.1876516,24.941925,95.0228,0.24544801,1.5718919,0.9780661,102.04986,2.294736,889.1893,7.782612,2.4311929,75.85902,43.37003,0.600812,11.122008,0.027944745,1.743692,65.85722,252.36938,34.58343,15.70029,0.75675654,2.095856,5.4306817,31.528719,6.771943,46.926826,7966.0767,1.2924445,3.4651484,24.14426,46.16405,0.027944745,186.09644,7.198262,150.44283,2.668723,42.2804,76.61017,0.06986187,456.12885,44.47453,0.8597812,3.134631,5.9959393,0.47273195,1.6147838,23.215645,9.040591,31.466627,0.013972373,0.7316505,41.721504,4.8390985,2.1367776,236.37936,0.27944747,2.2355797
2020-07-01,1419.6903,0.08383424,17.299564,67.205284,1.201624,1.5393147,0.027944745,0.05588949,80.74432,0.11177898,1.984077,0.4610883,0.013972373,0.05588949,0.4224588,229.73122,0.013972373,121.67147,88.481,69.576546,7.418743,55.130867,0.12729144,41.458805,21.98166,36.32817,14.11322,1.159707,61.522102,10.98886,1.4531268,382.16205,3.2974799,33.039753,35.464325,280.54547,421.33795,1.8583256,0.22355796,14.093467,0.16766848,29.690218,1.0518049,5.738376,4.2275805,0.16766848,8.159726,0.48852658,55.010403,7.215445,15.421855,213.16371,24.873617,10.232011,0.5628347,0.82436997,15.386648,0.6320132,17.931656,2.2478054,4.3753004,9.780661,1.1876516,24.941925,70.3101,0.24544801,1.5718919,0.9780661,84.66348,2.294736,908.5848,7.782612,2.4311929,116.28687,42.817036,0.600812,11.122008,0.027944745,1.743692,41.33099,220.25797,34.000847,15.70029,0.75675654,2.095856,5.5198116,30.426262,6.771943,46.926826,7966.0767,1.2924445,3.4651484,24.14426,46.16405,0.027944745,182.44193,7.1440206,108.05092,2.668723,42.2804,76.48471,0.06986187,459.34546,44.47453,0.9468525,3.8492248,5.9959393,0.47273195,1.28185,25.848143,9.040591,29.750088,0.013972373,0.7307782,41.721504,4.8390985,1.8588048,221.9832,0.27944747,2.2356079
2020-08-01,1357.1919,0.08383424,17.534262,67.205284,1.201624,1.4950439,0.027944745,0.05588949,80.74432,0.11177898,2.0733972,0.4610883,0.013972373,0.05588949,0.4224588,229.73122,0.013972373,124.43772,70.43159,69.344284,7.418743,62.79466,0.12729144,41.006466,24.591524,36.32817,12.531432,1.159707,61.522102,10.98886,1.4531268,414.5591,3.2974799,32.500443,35.464325,280.54547,422.53168,1.8583256,0.22355796,14.093467,0.16766848,29.690218,1.0518049,6.9966397,4.2275805,0.16766848,22.70016,0.45161232,50.14088,7.091977,3.6048722,206.64699,25.806458,10.232011,0.5628347,0.82436997,15.079057,0.62875676,17.931656,2.2478054,4.3753004,9.780661,1.1876516,24.941925,55.232727,0.24544801,1.5718919,0.9780661,81.76718,2.294736,916.5015,7.782612,2.4311929,94.08631,40.057167,0.600812,11.122008,0.027944745,1.743692,40.52544,203.34023,35.55299,15.70029,0.75675654,2.095856,5.4306817,36.438282,6.771943,46.926826,7966.0767,1.2924445,3.4651484,24.14426,46.16405,0.027944745,166.48708,7.1440206,94.04274,2.668723,42.2804,98.57831,0.06986187,414.2844,44.47453,1.0595015,5.0672946,5.9959393,0.47273195,1.1435021,22.065907,9.040591,29.044367,0.013972373,0.8555006,41.721504,4.8390985,2.1972494,191.81766,0.27944747,2.2355797
2020-09-01,1272.5962,0.08383424,17.10784,67.205284,1.201624,1.4950439,0.027944745,0.05588949,80.74432,0.11177898,2.0605292,0.4610883,0.013972373,0.05588949,0.4224588,229.73122,0.013972373,114.89663,56.33107,74.14941,7.418743,62.683193,0.12729144,39.751835,23.43234,36.32817,15.518103,1.159707,61.522102,10.98886,1.4531268,397.6546,3.2974799,34.279404,35.464325,280.54547,427.15875,1.8583256,0.22355796,14.093467,0.16766848,29.690218,1.0518049,5.688283,4.2275805,0.16766848,13.662848,0.42800266,48.95981,7.364258,21.510437,212.2076,24.873617,10.232011,0.5628347,0.82436997,10.7800865,0.70830166,17.931656,2.2478054,4.3753004,9.851658,1.1876516,24.941925,39.462208,0.24544801,5.3219995,0.9780661,68.958786,2.294736,891.44293,7.782612,2.4311929,121.24168,41.688187,0.600812,11.122008,0.027944745,1.743692,34.627586,165.38782,32.003876,15.70029,0.75675654,2.095856,5.4997873,35.167007,6.771943,46.926826,7966.0767,1.2924445,3.4651484,24.14426,46.16405,0.027944745,171.0165,7.166448,72.00668,2.668723,42.2804,94.65837,0.06986187,384.0021,44.47453,0.86311084,5.229959,5.9959393,0.47273195,1.1248697,20.532614,9.040591,25.114887,0.013972373,0.7265634,41.721504,4.8390985,1.9645158,200.29231,0.27944747,2.2591524
2020-10-01,1309.6748,0.08383424,17.250387,67.205284,1.201624,1.5680465,0.027944745,0.05588949,191.83888,0.11177898,2.0062332,0.4610883,0.013972373,0.05588949,0.4224588,229.73122,0.013972373,112.28488,57.497986,77.07433,7.418743,59.996475,0.12729144,40.94817,28.268057,36.32817,18.205833,1.159707,61.522102,10.98886,1.4531268,395.94128,3.2974799,31.504515,35.464325,280.54547,435.32242,1.8583256,0.22355796,14.093467,0.16766848,29.690218,1.0518049,5.4137287,4.2275805,0.16766848,12.622718,0.39122644,47.264034,8.22239,13.086713,204.62842,24.873617,10.232011,0.5628347,0.82436997,13.336443,0.72696674,17.931656,2.2478054,4.3753004,12.768773,1.1876516,24.941925,42.759426,0.24544801,3.3816433,0.9780661,65.26266,2.294736,928.5816,7.782612,2.4311929,97.249535,37.85925,0.600812,11.122008,0.027944745,1.743692,20.217146,179.23784,34.192314,15.70029,0.75675654,2.095856,5.4306817,30.753325,6.771943,46.926826,7966.0767,1.2924445,3.4651484,24.14426,46.16405,0.027944745,179.86693,7.1440206,78.9622,2.668723,42.2804,83.11309,0.06986187,372.0455,44.47453,0.82436997,4.284018,5.9959393,0.47273195,1.7302752,23.972128,9.040591,24.299997,0.013972373,0.7265634,41.721504,4.8390985,2.0153832,198.00218,0.27944747,2.272374
2020-11-01,1481.5486,0.08383424,17.049238,67.205284,1.201624,2.083673,0.027944745,0.05588949,1175.9209,0.11177898,1.984077,0.4610883,0.013972373,0.05588949,0.4224588,229.73122,0.013972373,100.29891,52.804237,75.68716,7.418743,52.59868,0.12729144,36.951588,26.564074,36.32817,15.555732,1.159707,61.522102,10.98886,1.4531268,382.0657,3.2974799,32.113712,35.464325,280.54547,436.15952,1.8583256,0.22355796,14.093467,0.16766848,29.690218,1.0518049,5.987017,4.2275805,0.16766848,9.605447,0.4284752,50.08838,7.9906735,9.633933,209.7218,24.873617,10.232011,0.5628347,0.82436997,10.589658,0.65088034,17.931656,2.2478054,4.3753004,11.576573,1.1876516,24.941925,30.791878,0.24544801,2.1675246,0.9780661,93.98463,2.294736,950.55164,7.782612,2.4311929,103.492836,39.092243,0.600812,11.122008,0.027944745,1.743692,30.522415,156.40411,36.448757,15.70029,0.75675654,2.095856,5.6371703,24.400105,6.771943,46.926826,7966.0767,1.2924445,3.4651484,24.14426,46.16405,0.027944745,185.84639,7.1440206,46.816616,2.668723,42.2804,70.43143,0.06986187,357.0981,44.47453,7.528206,4.273928,5.9959393,0.47273195,1.4599735,21.03223,9.040591,23.162985,0.013972373,0.7492847,41.721504,4.8390985,1.8583256,208.93005,0.27944747,2.3157363
2020-12-01,1421.0328,0.08383424,17.049238,67.205284,1.201624,2.4111154,0.027944745,0.7759086,899.9757,0.11177898,2.0753872,0.4610883,0.013972373,0.05588949,0.4224588,229.73122,0.013972373,109.785774,50.75687,70.46954,7.418743,49.807785,0.12729144,33.99868,24.278957,36.32817,13.175579,1.159707,61.522102,10.98886,1.4531268,355.48868,3.2974799,27.939943,35.464325,280.54547,1209.8949,1.8583256,0.22355796,14.093467,0.16766848,29.690218,1.0518049,6.6623487,4.2275805,0.16766848,10.071263,0.40044996,50.321884,7.5630445,6.9645953,200.62254,24.873617,10.232011,0.5628347,0.82436997,9.879866,0.62875676,17.931656,2.2478054,4.3753004,10.677077,1.1876516,24.941925,18.375559,0.24544801,2.0809686,0.9780661,87.15955,2.294736,760.2423,7.782612,2.4971616,105.49232,38.16113,0.600812,11.122008,0.027944745,1.743692,27.975882,178.85756,39.016605,15.70029,0.75675654,2.095856,5.4306817,25.247305,6.771943,46.926826,7966.0767,1.2924445,3.4651484,24.14426,46.16405,0.027944745,174.08064,7.1440206,42.595337,2.668723,42.2804,65.65674,0.06986187,294.4296,44.47453,5.1340847,3.3266575,5.9959393,0.47273195,1.3606998,18.785095,9.040591,22.93868,0.013972373,0.7265634,41.721504,4.8390985,1.9027523,206.15683,0.27944747,2.268517
2021-01-01,1405.3512,0.08383424,17.08959,67.205284,1.201624,1.9217211,0.027944745,0.41491452,371.9645,0.11177898,2.0317647,0.4610883,0.013972373,0.05588949,0.4224588,229.73122,0.013972373,92.81895,49.035393,72.640785,7.418743,48.615845,0.12729144,36.36708,23.976297,36.32817,13.267771,1.159707,61.522102,10.98886,1.4531268,362.80832,3.2974799,24.147102,35.464325,280.54547,976.02625,1.8583256,0.22355796,14.093467,0.16766848,29.690218,1.0518049,10.988572,4.2275805,0.16766848,3.3213224,0.39122644,46.476715,7.1630373,5.4158006,209.17508,24.873617,10.232011,0.5628347,0.82436997,10.068949,0.65936655,17.931656,2.2478054,4.3753004,9.780661,1.1876516,24.941925,31.346886,0.24544801,2.6361802,0.9780661,75.556076,2.294736,656.6515,7.782612,2.5296557,108.07259,37.100815,0.600812,11.122008,0.027944745,1.743692,32.47112,181.21072,39.463615,15.70029,0.75675654,2.095856,5.5956283,26.181358,6.771943,46.926826,7966.0767,1.2924445,3.4651484,24.14426,46.16405,0.027944745,169.32837,7.1440206,54.60146,2.668723,42.2804,64.268394,0.06986187,269.91754,44.47453,1.4558053,3.3055322,5.9959393,0.47273195,1.1037008,16.801565,9.040591,22.265127,0.013972373,0.7265634,41.721504,4.8390985,1.8583256,189.54587,0.27944747,2.2355797
2021-02-01,1548.2839,0.08383424,17.879007,67.205284,1.201624,1.7251424,0.027944745,0.05588949,445.02573,0.11177898,1.9841716,0.4610883,0.013972373,0.05588949,0.4224588,229.73122,0.013972373,109.279816,49.001648,72.085915,7.418743,54.992916,0.12729144,58.982227,22.969099,36.32817,13.94956,1.159707,61.522102,10.98886,1.4531268,352.44067,3.2974799,23.498014,35.464325,280.54547,1456.9286,1.8583256,0.22355796,14.093467,0.16766848,29.690218,1.0518049,7.079105,4.2275805,0.16766848,5.1768475,0.39122644,41.838505,7.7615814,6.0658355,208.46112,24.873617,10.232011,0.5628347,0.82436997,11.586597,0.6313413,17.931656,2.2478054,4.3753004,10.83283,1.1876516,24.941925,30.87276,0.24544801,1.9487642,0.9780661,71.479866,2.294736,787.4147,7.782612,2.4745665,95.54055,33.785397,0.600812,11.122008,0.027944745,1.743692,42.96418,211.30156,39.39727,15.70029,0.75675654,2.095856,5.5533304,25.02949,6.771943,46.926826,7966.0767,1.2924445,3.4651484,24.14426,46.16405,0.027944745,157.75497,7.1440206,41.446,2.668723,42.2804,144.47337,0.06986187,269.12488,44.47453,2.4924371,2.3641486,5.9959393,0.47273195,1.2076066,18.551708,9.040591,22.40445,0.013972373,0.7265634,41.721504,4.8390985,8.27184,218.39418,0.27944747,2.269462
2021-03-01,1533.306,0.08383424,17.88443,67.205284,1.201624,1.6709819,0.027944745,0.21261209,394.3472,0.11177898,2.0323584,0.4610883,0.013972373,0.05588949,0.5133991,229.73122,0.013972373,112.207794,42.425312,70.63622,7.418743,53.30761,0.12729144,51.52357,18.873005,36.32817,14.479591,1.159707,61.522102,10.98886,1.4531268,370.66174,16.606234,20.109545,35.464325,280.54547,1138.2491,1.8583256,0.22355796,14.093467,0.16766848,29.690218,1.0518049,6.3939695,4.2275805,0.16766848,9.048893,0.4233204,37.969116,8.14619,7.5339594,209.10342,24.873617,10.232011,0.5628347,0.82436997,8.9613085,0.62875676,17.931656,2.2478054,4.3753004,10.069701,1.1876516,24.941925,23.719759,0.24544801,1.5718919,0.9780661,69.51279,2.294736,821.2082,7.782612,2.4311929,86.40518,36.226578,0.600812,11.122008,0.027944745,1.743692,32.575886,207.21532,41.913475,15.70029,1.5936624,2.095856,5.451253,22.238157,6.771943,46.926826,7966.0767,1.2924445,3.4651484,24.14426,46.16405,0.027944745,152.27875,7.1440206,51.50303,2.668723,42.2804,104.41234,0.06986187,260.69464,44.47453,2.6634433,2.9059591,5.9959393,0.47273195,1.6152573,16.091139,9.132273,24.812551,0.013972373,0.7265634,41.721504,4.8390985,5.058023,438.88855,0.27944747,2.2355797
2021-04-01,1446.6454,0.08383424,17.522854,67.205284,1.201624,1.7461092,0.027944745,0.24708569,80.74432,0.11177898,2.03952,0.4610883,0.013972373,0.05588949,0.48197174,229.73122,0.013972373,117.314095,35.512432,69.344284,7.418743,55.017677,0.12729144,44.633114,19.457895,36.32817,16.82134,1.159707,61.522102,10.98886,1.4531268,369.02567,9.941533,16.85262,35.464325,280.54547,1183.0474,1.8583256,0.22355796,14.093467,0.16766848,29.690218,1.0518049,5.181961,4.2275805,0.16766848,6.8831563,0.39122644,38.99396,8.0618725,7.4549985,206.09674,24.873617,10.232011,0.5628347,0.82436997,8.966463,0.62875676,17.931656,2.2478054,4.3753004,9.780661,1.1876516,24.941925,16.02064,0.24544801,2.3301473,0.9780661,68.071266,2.294736,876.775,7.782612,2.4756691,106.58058,89.05404,0.600812,11.122008,0.027944745,1.743692,74.211845,215.86642,38.77934,15.70029,1.616729,2.095856,5.4306817,27.365723,6.771943,46.926826,7966.0767,1.2924445,3.4651484,24.14426,46.16405,0.027944745,148.2753,7.1440206,48.796505,2.668723,42.2804,95.6778,0.06986187,250.21605,44.47453,0.82436997,3.1628711,5.9959393,0.47273195,2.250904,15.65761,9.21583,26.639668,0.013972373,0.7265634,41.721504,4.8390985,2.3724139,631.1935,0.27944747,2.2355797
2021-05-01,1697.9753,0.08383424,17.049238,67.205284,1.201624,1.5413237,0.027944745,0.05588949,80.74432,0.11177898,1.984077,0.4610883,0.013972373,0.05588949,0.4583621,229.73122,0.013972373,107.20834,37.64843,71.723465,7.418743,49.088318,0.12729144,56.281406,227.50159,36.32817,18.908611,1.159707,61.522102,10.98886,1.4531268,383.74054,5.186092,18.577896,35.464325,280.54547,1327.808,1.8583256,0.22355796,14.093467,0.16766848,29.690218,1.0518049,6.3813734,4.2275805,0.16766848,12.423214,0.39122644,39.324726,10.029748,6.1239853,209.03952,24.873617,10.232011,0.5628347,0.82436997,6.592378,0.65421176,17.931656,8.691714,4.3753004,9.780661,1.1876516,24.941925,15.487902,0.24544801,2.374416,0.9780661,90.40272,2.294736,904.6499,7.782612,2.5824609,80.8124,87.49244,0.600812,11.122008,0.027944745,1.743692,45.668106,215.70892,33.408035,15.70029,7.2080855,2.095856,5.5525303,23.95229,6.771943,46.926826,7966.0767,1.2924445,3.4651484,24.14426,46.16405,0.027944745,173.06868,7.1440206,37.445,2.668723,42.2804,101.892555,0.06986187,237.23595,44.47453,0.82436997,4.1116915,5.9959393,0.47273195,2.2176394,16.834993,9.131566,27.315512,0.013972373,0.7265634,41.721504,4.8390985,2.896581,753.4178,0.27944747,2.2355797
2021-06-01,2522.6013,0.08383424,17.486261,67.205284,1.201624,1.7403183,0.027944745,0.05588949,373.55753,0.11177898,1.984077,0.4610883,0.013972373,0.05588949,0.4224588,229.73122,0.013972373,107.034225,56.110287,70.40462,7.418743,51.687748,0.12729144,61.814903,123.94236,36.32817,17.661222,1.159707,61.522102,10.98886,1.4531268,369.8223,5.513253,13.093478,35.464325,280.54547,1161.2325,1.8583256,0.22355796,14.093467,0.16766848,29.690218,1.0518049,5.44244,4.2275805,0.16766848,13.87301,0.39122644,37.90645,10.000152,8.636962,208.33176,64.8503,10.232011,0.5628347,0.82436997,10.41967,0.62875676,17.931656,7.643098,4.3753004,10.536479,1.1876516,24.941925,15.644859,0.24544801,2.0091374,0.9780661,73.79462,2.294736,942.53107,7.782612,2.5999343,72.695984,114.511986,0.600812,11.122008,0.027944745,1.743692,49.77563,209.91014,35.973694,15.70029,4.003257,2.095856,7.2458944,22.008375,6.771943,46.926826,7966.0767,1.2924445,3.4651484,24.14426,46.16405,0.027944745,188.19055,7.1440206,77.71003,2.668723,42.2804,90.19063,0.06986187,217.24434,44.678696,2.5335355,3.6822212,5.9959393,0.47273195,3.60374,19.21781,9.040591,26.863789,0.013972373,0.7265634,41.721504,4.8390985,3.6947567,553.227,0.27944747,2.2591524
2021-07-01,3318.9934,0.08383424,17.049238,67.205284,1.201624,1.6885113,0.027944745,0.22729912,241.37529,0.11177898,1.9918089,0.4610883,0.013972373,0.05588949,0.45883465,229.73122,0.013972373,106.22814,79.59983,69.76633,7.418743,49.65808,0.12729144,51.298306,16.477713,36.32817,15.702538,1.159707,61.522102,10.98886,1.4531268,354.6587,7.2026644,12.345373,35.464325,280.54547,1563.836,1.8583256,0.22355796,14.093467,0.16766848,29.690218,1.0518049,5.0646772,4.2275805,0.16766848,17.665434,1.1963854,37.30113,9.493427,8.357276,208.5311,43.93143,10.232011,0.5628347,0.82436997,9.929416,8.7289715,17.931656,4.5351744,4.3753004,9.780661,1.1876516,24.941925,15.45228,0.24544801,1.5718919,0.9780661,70.79085,2.294736,919.8286,7.782612,2.4695828,59.06448,94.75878,0.600812,11.122008,0.027944745,1.743692,36.449127,188.81403,35.495163,15.70029,2.3893635,2.095856,6.449251,19.625835,6.771943,46.926826,7966.0767,1.2924445,3.4651484,24.14426,46.16405,0.027944745,231.25427,7.1440206,73.917694,2.668723,42.2804,88.270065,0.06986187,222.29387,44.47453,1.2329355,3.2465494,5.9959393,0.47273195,2.554168,18.81531,9.124718,25.350555,0.013972373,0.7265634,41.721504,4.8390985,2.65693,774.247,0.27944747,2.2355797
2021-08-01,3965.6543,0.08383424,17.049238,67.205284,1.201624,2.3037493,0.027944745,0.056541987,294.55545,0.11177898,1.984077,0.4610883,0.013972373,0.05588949,0.43080935,229.73122,0.013972373,111.71847,68.66078,69.54336,7.418743,50.50995,0.12729144,56.137466,63.58401,36.32817,16.275782,1.159707,61.522102,10.98886,1.4531268,339.48575,7.1312647,11.203304,35.464325,280.54547,1377.6637,1.8583256,0.22355796,14.093467,0.16766848,29.690218,1.0518049,5.5219994,4.2275805,0.16766848,11.1515045,0.7745689,40.80536,7.9880924,10.178008,208.87065,38.358562,10.232011,0.5628347,0.82436997,10.493331,4.6677885,17.931656,4.0662646,4.3753004,9.780661,1.1876516,24.941925,15.471825,0.24544801,1.5718919,0.9780661,59.061302,2.294736,897.11115,7.782612,2.4521465,84.5724,135.98412,0.600812,11.122008,0.027944745,1.743692,52.55251,169.83115,34.009098,15.70029,1.886721,2.095856,6.1671515,18.479473,6.771943,46.926826,7966.0767,1.2924445,3.4651484,24.14426,46.16405,0.027944745,200.8858,13.347094,78.94654,2.668723,42.2804,86.44674,0.06986187,215.08554,44.47453,1.9634666,3.4211826,5.9959393,0.47273195,1.9859692,15.777448,9.040591,26.005861,0.013972373,0.7265634,41.721504,4.8390985,1.900067,939.4135,0.27944747,2.2355797
2021-09-01,3758.131,0.08383424,17.049238,67.205284,1.201624,2.0403957,0.027944745,0.17147133,111.13547,0.11177898,1.984077,0.4610883,0.013972373,0.05588949,0.4224588,229.73122,0.013972373,113.3161,99.99826,69.344284,7.418743,55.404755,0.12729144,63.665825,72.37835,36.32817,13.850642,1.159707,61.522102,10.98886,1.6881238,347.17386,4.956606,14.480155,35.464325,280.54547,1247.6324,1.8583256,0.22355796,14.093467,0.16766848,29.690218,1.0518049,6.196899,4.2275805,0.16766848,8.9516325,0.56153595,36.626564,8.053962,7.33634,209.51662,30.297203,10.232011,0.5628347,0.82436997,8.773952,0.62875676,17.931656,4.15608,4.3753004,9.780661,1.1876516,24.941925,15.45228,0.24544801,1.5718919,0.9780661,72.84917,2.294736,872.85474,7.782612,2.4896963,64.298706,99.415085,0.600812,11.122008,0.027944745,1.743692,65.86017,167.8825,41.123276,15.70029,2.4228961,2.095856,5.560636,20.93246,6.771943,46.926826,7966.0767,1.2924445,3.4651484,24.14426,46.16405,0.027944745,209.77367,10.031293,88.73791,2.668723,42.2804,80.85014,0.06986187,203.07903,44.47453,1.6678506,3.2848108,5.9959393,0.47273195,1.5084649,17.809732,9.040591,26.3296,0.013972373,0.7265634,41.721504,4.8390985,3.4204066,1070.8936,0.27944747,2.2355797
2021-10-01,2751.3325,0.08383424,17.377945,67.205284,1.201624,1.8923211,0.027944745,0.05588949,80.74432,0.11177898,2.029045,0.4610883,0.013972373,0.05588949,0.4224588,229.73122,0.013972373,123.87222,66.35986,69.67558,7.418743,62.866474,0.12729144,91.01694,16.477713,36.32817,19.930285,1.159707,61.522102,10.98886,1.6264738,337.44604,49.040684,10.790362,35.464325,280.54547,954.1606,1.8583256,0.22355796,14.093467,0.16766848,29.690218,1.0518049,4.998937,4.2275805,0.16766848,6.4689007,0.49289402,29.61224,8.51699,7.306713,211.27666,37.517056,10.232011,0.5628347,0.82436997,10.698499,2.391886,17.931656,3.6291912,4.3753004,9.780661,1.1876516,24.941925,15.45228,0.24544801,1.5718919,0.9780661,51.64718,2.294736,950.7654,7.782612,2.4311929,69.04654,112.56493,0.600812,11.122008,0.027944745,1.743692,48.03849,185.54375,42.403988,15.70029,0.75675654,2.095856,6.227093,23.091238,6.771943,46.926826,7966.0767,1.2924445,3.4651484,24.14426,46.16405,0.027944745,155.26254,9.005663,83.54388,2.668723,42.2804,79.83581,0.06986187,186.66803,44.47453,1.8273714,3.5208485,5.9959393,0.47273195,1.668969,15.818663,9.040591,25.983091,0.013972373,0.7265634,41.721504,4.8390985,4.149287,1287.7329,0.27944747,2.2355797
2021-11-01,2030.2384,0.08383424,17.049238,67.205284,1.201624,1.624832,0.027944745,0.05588949,80.74432,0.11177898,1.9921873,0.4610883,0.013972373,0.05588949,0.45367983,229.73122,0.013972373,124.21107,81.64987,70.053215,7.418743,58.134598,0.12729144,92.438324,16.477713,36.32817,17.866463,1.159707,61.522102,10.98886,1.5556449,349.07825,30.019367,9.175611,35.464325,280.54547,1198.4813,1.8583256,0.22355796,14.093467,0.16766848,29.690218,1.0518049,4.8204684,4.2275805,0.16766848,6.420946,0.6212097,34.597054,8.580022,5.8078895,209.58858,30.377724,10.232011,0.5628347,0.82436997,7.39118,3.028705,17.931656,2.2478054,4.3753004,9.780661,1.1876516,24.941925,15.45228,0.24544801,1.5718919,0.9780661,78.954155,2.294736,955.1266,7.782612,2.4311929,61.76188,94.43039,0.600812,11.122008,0.027944745,1.743692,46.824238,209.73985,41.950085,15.70029,0.75675654,2.095856,5.661253,19.179325,6.771943,46.926826,7966.0767,1.7371258,3.4651484,24.14426,46.16405,0.027944745,145.31274,7.376633,76.529366,2.668723,42.2804,69.941025,0.06986187,183.90894,44.47453,1.5594741,4.610305,5.9959393,0.47273195,1.4123924,14.964641,9.05582,26.24317,0.013972373,0.7265634,41.721504,4.8390985,2.7684443,1926.5331,0.27944747,2.2355797
2021-12-01,1493.617,0.08383424,17.049238,67.205284,1.201624,1.7531763,0.027944745,0.05588949,80.74432,0.11177898,1.984077,0.4610883,0.013972373,0.05588949,0.4224588,229.73122,0.013972373,119.74976,78.24245,69.344284,7.418743,48.322697,0.12729144,108.8328,66.2272,36.32817,17.477848,1.159707,61.522102,10.98886,1.4531268,406.71838,34.97248,8.026922,35.464325,280.54547,850.661,1.8583256,0.22355796,14.093467,0.16766848,29.690218,1.0518049,4.8204684,4.2275805,0.16766848,3.3504775,0.48108333,40.18335,8.0201435,5.878567,205.96735,29.752676,10.232011,0.5628347,0.82436997,8.220698,0.62875676,17.931656,3.9121792,4.3753004,9.780661,1.1876516,24.941925,15.45228,0.24544801,1.5718919,0.9780661,63.231472,2.294736,962.9926,7.782612,2.5559037,67.65613,131.1903,0.600812,11.122008,0.027944745,1.743692,65.776184,172.01889,35.36931,15.70029,2.3273284,2.095856,5.6270285,17.240746,6.771943,46.926826,7966.0767,1.5416033,3.4651484,24.14426,46.16405,0.027944745,127.83116,9.059268,63.601013,2.668723,42.2804,71.1719,0.06986187,173.79947,44.47453,2.9568686,3.828581,5.9959393,0.47273195,1.6154252,12.967112,9.040591,26.333015,0.013972373,0.7265634,41.721504,4.8390985,1.9847883,2283.7651,0.27944747,2.2355797
2022-01-01,1139.4359,0.08383424,17.049238,67.205284,1.201624,1.7393739,0.027944745,0.05588949,80.74432,0.11177898,1.984077,0.4610883,0.013972373,0.05588949,0.4224588,229.73122,0.013972373,119.12449,92.495186,69.344284,7.418743,47.676987,0.12729144,94.54208,18.815268,36.32817,13.87959,1.159707,61.522102,10.98886,1.5570625,427.60403,17.160198,10.050519,35.464325,280.54547,877.5846,1.8583256,0.22355796,14.093467,0.16766848,29.690218,1.0518049,4.8204684,4.2275805,0.16766848,5.4808083,0.42062056,42.555283,8.082958,5.2167807,207.88101,32.62139,10.232011,0.5628347,0.82436997,11.349397,0.62875676,17.931656,4.0082254,4.3753004,9.780661,1.1876516,24.941925,15.45228,0.24544801,1.5718919,0.9780661,88.94549,2.294736,955.34436,7.782612,2.706289,53.783234,128.94832,0.600812,11.122008,0.027944745,1.743692,66.61032,198.29617,35.503815,15.70029,1.260922,2.095856,5.4306817,20.304901,6.771943,46.926826,7966.0767,1.6676751,3.4651484,24.14426,46.16405,0.027944745,146.48573,7.8033977,69.27748,2.668723,42.2804,97.70891,0.06986187,167.16835,44.47453,4.053203,3.4999425,5.9959393,0.47273195,1.4971677,15.583616,9.040591,24.80528,0.013972373,0.7265634,41.721504,4.8390985,1.8583256,1909.0549,0.27944747,2.2355797
