Afghanistan,Albania,Algeria,Angola,Argentina,Armenia,Australia,Austria,Azerbaijan,Bahrain,Bangladesh,Belgium,Benin,Bhutan,Bolivia,Bosnia-Herzegovina,Botswana,Brazil,Burkina Faso,Burundi,Cambodia (Kampuchea),Cameroon,Canada,Central African Republic,Chad,China,Colombia,Comoros,Congo,Croatia,Djibouti,DR Congo (Zaire),Ecuador,Egypt,El Salvador,Eritrea,Ethiopia,France,Gambia,Georgia,Germany,Ghana,Guatemala,Guinea,Guinea-Bissau,Guyana,Haiti,Honduras,India,Indonesia,Iran,Iraq,Israel,Ivory Coast,Jamaica,Jordan,Kenya,Kingdom of eSwatini (Swaziland),Kuwait,Kyrgyzstan,Laos,Lebanon,Lesotho,Liberia,Libya,"Macedonia, FYR",Madagascar (Malagasy),Malaysia,Mali,Mauritania,Mexico,Moldova,Morocco,Mozambique,Myanmar (Burma),Namibia,Nepal,Netherlands,Nicaragua,Niger,Nigeria,Pakistan,Panama,Papua New Guinea,Paraguay,Peru,Philippines,Romania,Russia (Soviet Union),Rwanda,Saudi Arabia,Senegal,Serbia (Yugoslavia),Sierra Leone,Solomon Islands,Somalia,South Africa,South Sudan,Spain,Sri Lanka,Sudan,Sweden,Syria,Tajikistan,Tanzania,Thailand,Togo,Trinidad and Tobago,Tunisia,Turkey,Uganda,Ukraine,United Arab Emirates,United Kingdom,United States of America,Uzbekistan,Venezuela,Yemen (North Yemen),Zambia,Zimbabwe (Rhodesia)
1133.2783,0.058056157,13.224627,46.54042,0.83213824,1.0353348,0.019352052,0.038704105,55.916355,0.07740821,1.6364408,6.332836,0.009676026,0.038704105,0.2925575,159.09146,0.009676026,4.887756,4.9419246,48.0217,5.137563,44.603107,0.08815077,30.185122,21.613003,25.157667,8.034461,0.8031102,42.60475,7.60991,1.0063068,154.77983,2.2835422,16.424269,24.559446,194.28091,290.38654,1.2869115,0.15481642,9.759885,0.116112314,20.560812,1.3376507,3.338229,2.9276474,0.116112314,2.225486,0.27092874,53.055492,4.9112744,2.4964147,689.9598,17.225262,19.547562,0.38976938,3.3898246,8.323648,0.43542117,12.417874,1.5566307,3.029945,23.738085,0.8224622,17.272566,93.107506,0.16997552,1.088553,0.67732185,9.76516,1.5891305,96.94756,5.3895464,1.6836286,8.735204,23.396769,0.41606912,7.702117,0.019352052,1.2075264,12.915707,356.29312,108.305214,10.872628,0.52406245,1.451404,3.7608085,27.184158,4.689647,32.49736,5516.598,3.1415591,2.3996544,16.720173,31.969128,0.019352052,169.24298,4.9473147,65.72155,1.848121,29.279655,172.41882,0.04838013,2916.2783,30.799114,0.57088554,5.3840203,4.1522555,0.32737222,17.961838,81.502106,6.543555,37.683716,0.009676026,0.5031534,28.892614,3.3511305,3.0599,375.11685,0.19352052,1.5481641
1222.0494,0.058056157,14.110234,46.54042,0.83213824,1.0353348,0.019352052,0.038704105,65.737724,0.07740821,1.6123041,1.8041985,0.009676026,0.038704105,0.2925575,159.09146,0.009676026,4.887756,4.23683,48.0217,5.137563,35.576435,0.08815077,30.774267,18.600079,25.157667,5.5934343,0.8031102,42.60475,7.60991,1.0063068,154.77983,2.2835422,19.452997,24.559446,194.28091,290.38654,1.2869115,0.15481642,9.759885,0.116112314,20.560812,1.1232612,3.338229,2.9276474,0.116112314,2.225486,0.27092874,36.728653,4.9112744,2.4964147,675.8767,17.225262,11.425171,0.38976938,1.4172548,6.5026455,0.43542117,12.417874,1.5566307,3.029945,11.455805,0.8224622,17.272566,89.13216,0.16997552,1.088553,0.67732185,11.569554,1.5891305,86.857445,5.3895464,1.6836286,9.99698,23.396769,0.41606912,7.702117,0.019352052,1.2075264,8.570896,313.51825,89.166954,10.872628,0.52406245,1.451404,4.373459,34.54083,4.689647,32.49736,5516.598,3.0250065,2.3996544,16.720173,31.969128,0.019352052,146.60934,4.9473147,39.485294,1.848121,29.279655,241.61514,0.04838013,2744.7544,30.799114,0.57088554,5.5981903,4.1522555,0.32737222,6.328069,90.8991,6.607938,37.454082,0.009676026,0.5031534,28.892614,3.3511305,3.4312227,331.72302,0.19352052,1.5481641
1437.97,0.058056157,15.670044,46.54042,0.83213824,1.0353348,0.019352052,0.038704105,55.916355,0.07740821,1.7300338,1.5670527,0.009676026,0.038704105,0.2925575,159.09146,0.009676026,4.887756,5.6122103,48.0217,5.137563,31.603518,0.08815077,33.73046,11.411002,25.157667,6.6996226,0.8031102,42.60475,7.60991,1.0063068,154.77983,2.2835422,39.170605,24.559446,194.28091,290.38654,1.975401,0.15481642,9.759885,0.116112314,20.560812,0.7283868,3.338229,2.9276474,0.116112314,2.225486,0.27092874,40.698845,4.9112744,3.0132384,812.46094,17.225262,8.977396,0.38976938,1.2140646,6.6286187,0.43542117,12.417874,1.5566307,3.029945,8.434718,0.8224622,17.272566,92.22924,0.16997552,1.088553,0.67732185,19.663902,1.5891305,80.13547,5.3895464,1.6836286,8.735204,23.396769,0.41606912,7.702117,0.019352052,1.2075264,8.69027,278.21204,82.499344,10.872628,0.52406245,1.451404,3.7608085,33.638,4.689647,32.49736,5516.598,2.9680235,2.3996544,16.720173,31.969128,0.019352052,133.62358,4.9473147,41.149113,1.848121,29.279655,172.9526,0.04838013,2796.458,30.799114,0.57088554,3.8922815,4.1522555,0.32737222,4.362255,92.16609,6.2607117,37.526974,0.009676026,0.5031534,28.892614,3.3511305,3.4747975,303.7925,0.19352052,1.5481641
1408.4531,0.058056157,14.355484,46.54042,0.83213824,1.0353348,0.019352052,0.038704105,55.916355,0.07740821,2.154395,0.7906158,0.009676026,0.038704105,0.2925575,159.09146,0.009676026,4.887756,3.8993158,48.0217,5.137563,45.804173,0.08815077,25.719538,11.578295,25.157667,6.814408,0.8031102,42.60475,7.60991,1.0063068,154.77983,2.2835422,15.979717,24.559446,194.28091,290.38654,2.2460885,0.15481642,9.759885,0.116112314,20.560812,0.751342,3.338229,2.9276474,0.116112314,2.225486,0.27092874,41.29378,4.9112744,8.271529,775.7431,17.225262,7.7464523,0.38976938,2.3221354,11.805046,0.43542117,12.417874,1.5566307,3.029945,9.569743,0.8224622,17.272566,115.94879,0.16997552,1.088553,0.67732185,11.944543,1.5891305,80.120415,5.3895464,1.6836286,8.735204,26.891512,0.41606912,7.702117,0.019352052,1.2075264,27.566624,276.5124,61.18811,10.872628,0.52406245,1.451404,3.7608085,27.82849,4.689647,32.49736,5516.598,2.3723664,2.3996544,16.720173,31.969128,0.019352052,149.2671,4.9473147,72.6835,1.848121,29.279655,148.26292,0.04838013,3001.967,30.799114,0.57088554,4.49233,4.1522555,0.32737222,3.395009,85.94716,6.2607117,28.547894,0.009676026,0.5031534,28.892614,3.3511305,3.3890538,322.806,0.19352052,1.5481641
1374.049,0.058056157,12.316547,46.54042,0.83213824,1.0353348,0.019352052,0.038704105,55.916355,0.07740821,9.51299,0.31930888,0.009676026,0.038704105,0.2925575,159.09146,0.009676026,4.887756,3.5172355,48.0217,5.137563,34.973602,0.08815077,23.09283,12.514286,25.157667,6.934282,0.8031102,42.60475,7.60991,1.0063068,159.25612,2.2835422,9.175173,24.559446,194.28091,290.38654,19.909489,0.15481642,9.759885,0.116112314,20.560812,1.218806,3.338229,2.9276474,0.116112314,2.225486,0.27092874,41.925133,4.9112744,6.0656524,679.3424,17.225262,10.131875,0.38976938,1.367149,8.280898,0.43542117,12.417874,1.5566307,3.029945,12.394583,0.8224622,17.272566,121.86788,0.16997552,1.088553,0.67732185,21.34745,1.5891305,83.0191,5.3895464,1.6836286,8.735204,23.396769,0.41606912,7.702117,0.019352052,1.2075264,20.399887,247.8254,53.50956,10.872628,0.52406245,1.451404,3.7608085,38.848663,4.689647,32.49736,5516.598,8.925414,2.3996544,16.720173,31.969128,0.019352052,127.588974,4.9473147,137.96059,1.848121,29.279655,125.03675,0.04838013,2936.2188,30.799114,0.57088554,4.662874,4.1522555,0.32737222,1.9745522,185.45427,6.2607117,32.911674,0.009676026,0.5031534,28.892614,3.3511305,3.2205193,296.88382,0.19352052,1.5481641
1382.0486,0.058056157,11.80679,46.54042,0.83213824,1.0353348,0.019352052,0.038704105,55.916355,0.07740821,5.403143,0.31930888,0.009676026,0.038704105,0.2925575,159.09146,0.009676026,4.887756,3.5172355,48.0217,5.137563,34.77348,0.08815077,21.215212,11.411002,25.157667,5.5934343,0.8031102,42.60475,7.60991,1.0063068,200.9712,2.2835422,18.827286,24.559446,194.28091,290.38654,5.529493,0.15481642,9.759885,0.116112314,20.560812,1.0055205,3.338229,2.9276474,0.116112314,2.225486,2.024539,35.62788,4.9112744,4.683793,651.37024,17.225262,7.1929283,0.38976938,1.1082895,7.972145,0.43542117,12.417874,1.5566307,3.029945,10.030362,0.8224622,17.272566,122.936966,0.16997552,1.088553,0.67732185,18.673716,1.5891305,89.18385,5.3895464,1.6836286,9.851537,23.396769,0.41606912,7.702117,0.019352052,1.2075264,20.304981,250.37602,64.832565,10.872628,0.52406245,1.451404,3.7608085,37.703735,4.689647,32.49736,5516.598,16.014025,2.3996544,16.720173,31.969128,0.019352052,121.22667,4.9473147,90.594055,1.848121,29.279655,120.59147,0.04838013,2751.9438,30.799114,0.57088554,4.155928,4.1522555,0.32737222,0.90149665,117.284836,6.2607117,29.856024,0.009676026,0.5031534,28.892614,3.3511305,2.8177397,290.70883,0.19352052,1.5481641
1395.9056,0.058056157,11.80679,46.54042,0.83213824,1.0353348,0.019352052,0.038704105,55.916355,0.07740821,3.8092084,0.46980974,0.009676026,0.038704105,0.2925575,159.09146,0.009676026,4.887756,4.5714955,48.0217,5.137563,23.38462,0.08815077,29.438288,11.411002,25.157667,5.5934343,0.8031102,42.60475,7.60991,1.0063068,256.86615,2.2835422,13.297974,24.559446,194.28091,290.38654,4.769515,0.15481642,9.759885,0.116112314,20.560812,0.7283868,3.338229,2.9276474,0.116112314,2.225486,0.7738164,42.420578,4.9112744,6.8279867,624.53345,17.225262,7.0857835,0.38976938,0.74832803,8.10154,0.43542117,12.417874,1.5566307,3.029945,6.773218,0.8224622,17.272566,107.190865,0.16997552,1.088553,0.67732185,19.339043,1.5891305,75.37426,5.3895464,1.6836286,9.982498,23.396769,0.41606912,7.702117,0.019352052,1.2075264,31.3511,215.00743,55.242985,10.872628,0.52406245,1.451404,3.7608085,33.15552,4.689647,32.49736,5516.598,8.630163,2.3996544,16.720173,31.969128,0.019352052,103.785385,4.9473147,62.938766,1.848121,29.279655,113.098145,0.04838013,2682.0183,30.799114,0.57088554,4.125889,4.1522555,0.32737222,1.3413957,109.90585,6.2607117,25.199387,0.009676026,0.5031534,28.892614,3.3511305,3.7347863,253.92897,0.19352052,1.5481641
1664.6967,0.058056157,11.80679,46.54042,0.83213824,1.0353348,0.019352052,0.038704105,55.916355,0.07740821,5.5724115,0.5667711,0.009676026,0.038704105,0.2925575,159.09146,0.009676026,8.397024,4.7328258,48.0217,5.137563,31.46761,0.08815077,39.015293,11.411002,25.157667,5.5934343,0.8031102,42.60475,7.60991,1.0063068,230.82074,2.2835422,37.341873,24.559446,194.28091,290.38654,3.2084856,0.15481642,9.759885,0.116112314,20.560812,0.7283868,3.338229,2.9276474,0.116112314,2.225486,0.70191246,48.991043,4.9112744,8.287686,902.19586,17.225262,7.0857835,0.38976938,1.5608469,11.423305,0.43542117,12.417874,1.5566307,3.029945,6.773218,0.8224622,17.272566,145.74985,0.16997552,1.088553,0.67732185,13.110177,1.5891305,81.75483,5.3895464,1.6836286,8.735204,28.986612,0.41606912,7.702117,0.019352052,1.2075264,18.190245,199.90202,64.27657,10.872628,0.52406245,1.451404,3.7608085,24.882608,4.689647,32.49736,5516.598,5.537197,2.3996544,16.720173,31.969128,0.019352052,116.14346,4.9473147,99.39501,1.848121,29.279655,106.0127,0.04838013,2829.135,30.799114,0.57088554,3.3996363,4.1522555,0.32737222,1.7309173,96.21348,6.2607117,30.687532,0.009676026,0.5031534,28.892614,3.3511305,3.3802547,265.60416,0.19352052,1.5481641
1348.1309,0.058056157,11.80679,46.54042,0.83213824,1.0353348,0.019352052,0.038704105,55.916355,0.07740821,3.945825,0.72986615,0.009676026,0.038704105,0.2925575,159.09146,0.009676026,5.455006,3.5172355,48.0217,5.137563,28.950903,0.08815077,70.34128,11.411002,25.157667,5.5934343,0.8031102,42.60475,7.60991,1.0063068,240.7361,2.2835422,17.917599,24.559446,194.28091,290.38654,1.2869115,0.15481642,9.759885,0.116112314,20.560812,0.7283868,3.338229,2.9276474,0.116112314,2.225486,0.5853796,51.10638,4.9112744,5.2728224,805.8865,17.225262,8.461645,0.38976938,1.2994252,7.2612634,0.43542117,12.417874,1.5566307,3.029945,7.0525026,0.8224622,17.272566,144.07764,0.16997552,1.088553,0.67732185,13.204734,1.5891305,84.25752,5.3895464,1.6836286,8.735204,38.707085,0.41606912,7.702117,0.019352052,1.2075264,13.258707,191.29959,69.571014,10.872628,0.52406245,1.451404,3.7608085,46.96758,4.689647,32.49736,5516.598,2.5969865,2.3996544,16.720173,31.969128,0.019352052,103.31793,4.9473147,74.93079,1.848121,29.279655,103.126015,0.04838013,2925.384,30.799114,0.57088554,4.6460323,4.1522555,0.32737222,2.1603158,66.41496,6.2607117,27.088188,0.009676026,0.5031534,28.892614,3.3511305,4.824474,320.45145,0.19352052,1.5481641
1212.7219,0.058056157,11.80679,46.54042,0.83213824,1.3712989,0.019352052,0.038704105,55.916355,0.07740821,3.6090891,0.31930888,0.009676026,0.038704105,0.2925575,159.09146,0.009676026,4.887756,3.5172355,48.0217,5.137563,18.060612,0.08815077,115.539925,11.411002,25.157667,5.5934343,0.8031102,42.60475,7.60991,1.0063068,287.09326,2.2835422,25.755589,24.559446,194.28091,290.38654,1.2869115,0.15481642,9.759885,2.3028495,20.560812,0.7283868,3.338229,2.9276474,0.116112314,2.225486,0.49972048,40.881775,4.9112744,3.5372841,713.4848,17.225262,9.479678,0.38976938,5.130738,7.548081,0.43542117,12.417874,1.5566307,3.029945,7.023327,0.8224622,17.272566,192.27805,0.16997552,1.088553,0.67732185,12.082198,1.5891305,76.73667,5.3895464,1.6836286,8.735204,27.45026,0.41606912,7.702117,0.019352052,1.2075264,14.510616,167.68282,50.131878,10.872628,0.52406245,1.451404,3.7608085,32.691357,4.689647,32.49736,5516.598,4.3017197,2.3996544,16.720173,31.969128,0.019352052,116.32855,4.9473147,94.08721,1.848121,29.279655,87.20851,0.04838013,2653.4277,30.799114,0.57088554,3.8901012,4.1522555,0.32737222,0.68699783,52.827995,6.2607117,22.605885,0.009676026,0.5031534,28.892614,3.3511305,3.006931,283.1355,0.19352052,1.5481641
1308.83,0.058056157,11.80679,46.54042,0.83213824,1.0353348,0.019352052,0.038704105,55.916355,0.07740821,2.5668573,0.31930888,0.009676026,0.038704105,0.2925575,159.09146,0.009676026,98.26784,3.5172355,48.0217,5.137563,18.783455,0.08815077,81.90372,11.411002,25.157667,5.5934343,0.8031102,42.60475,7.60991,1.0063068,258.65402,2.2835422,30.864275,24.559446,194.28091,290.38654,1.6179804,0.15481642,9.759885,0.65607214,20.560812,0.7283868,3.338229,2.9276474,0.116112314,2.225486,0.45176274,42.42638,4.9112744,4.0311832,715.1667,17.225262,7.0857835,0.38976938,1.9053361,6.1884236,0.43542117,12.417874,1.5566307,3.029945,6.773218,0.8224622,17.272566,150.01237,0.16997552,1.088553,0.67732185,27.296047,1.5891305,86.38878,5.3895464,1.6836286,8.735204,29.446423,0.41606912,7.702117,0.019352052,1.2075264,27.740543,189.1249,43.09051,10.872628,0.52406245,1.451404,3.7608085,29.656954,4.689647,32.49736,5516.598,2.570983,2.3996544,16.720173,31.969128,0.019352052,105.12966,4.9473147,63.434002,1.848121,29.279655,79.15946,0.04838013,2329.5806,30.799114,0.57088554,3.032386,4.1522555,0.32737222,0.8746685,55.661133,6.2607117,29.564556,0.009676026,0.5031534,28.892614,3.3511305,3.0247538,386.12274,0.19352052,1.5481641
1386.7194,0.058056157,14.566915,46.54042,0.83213824,1.0353348,0.019352052,0.038704105,55.916355,0.07740821,2.8606477,0.31930888,0.009676026,0.038704105,0.2925575,159.09146,0.009676026,95.320625,3.5172355,48.0217,5.137563,19.535803,0.08815077,83.73352,11.411002,25.157667,5.5934343,0.8031102,42.60475,7.60991,1.0063068,345.28635,2.2835422,19.288425,24.559446,194.28091,290.38654,1.7950466,0.15481642,9.759885,0.56983733,20.560812,0.7283868,3.338229,2.9276474,0.116112314,2.225486,0.27601364,46.7665,4.9112744,4.715178,784.70166,17.225262,7.0857835,0.38976938,1.5872517,7.3660226,0.43542117,12.417874,1.5566307,3.029945,6.773218,0.8224622,17.272566,117.809326,0.16997552,1.088553,0.67732185,25.588978,1.5891305,83.52103,5.3895464,1.6836286,8.735204,27.77154,0.41606912,7.702117,0.019352052,1.2075264,21.466509,199.12755,84.38222,10.872628,0.52406245,1.451404,3.7608085,27.11384,4.689647,32.49736,5516.598,1.9914532,2.3996544,16.720173,31.969128,0.019352052,94.85489,4.9473147,55.721115,1.848121,29.279655,46.05629,0.04838013,2449.7046,30.799114,0.57088554,2.1732774,4.1522555,0.32737222,1.5518595,48.223587,6.2607117,35.057217,0.009676026,0.5031534,28.892614,3.3511305,3.5671577,324.8357,0.19352052,1.5481641
1421.2397,0.058056157,12.066767,46.54042,0.83213824,1.0353348,0.019352052,0.038704105,55.916355,0.07740821,8.040356,0.31930888,0.009676026,0.038704105,0.2925575,159.09146,0.009676026,115.81663,3.5172355,48.0217,5.137563,26.7944,0.08815077,99.658165,11.411002,25.157667,6.283406,0.8031102,42.60475,7.60991,1.0063068,447.6895,2.2835422,29.85448,24.559446,194.28091,290.38654,2.5012376,0.15481642,9.759885,0.28749666,20.560812,0.7283868,3.338229,2.9276474,0.116112314,2.225486,0.2963661,47.472095,4.9112744,4.615202,901.2156,17.225262,7.0857835,0.38976938,1.3841425,8.646396,0.43542117,12.417874,1.5566307,3.029945,6.773218,0.8224622,17.272566,102.27014,0.16997552,1.088553,0.67732185,22.36821,1.5891305,88.05284,5.3895464,1.6836286,8.735204,33.051826,0.41606912,7.702117,0.019352052,1.2075264,19.310776,174.02011,66.93952,10.872628,0.52406245,1.451404,3.7608085,38.792507,4.689647,32.49736,5516.598,14.863768,2.3996544,16.720173,31.969128,0.019352052,98.30909,4.9473147,70.03178,1.848121,29.279655,44.56895,0.04838013,2466.623,30.799114,0.57088554,4.043936,4.1522555,0.32737222,1.5611179,34.03904,6.2607117,35.35674,0.009676026,0.5031534,28.892614,3.3511305,3.526709,318.1381,0.19352052,1.5481641
1321.8453,0.058056157,11.80679,46.54042,0.83213824,1.0353348,0.019352052,0.038704105,55.916355,0.07740821,4.98807,0.31930888,0.009676026,0.038704105,0.2925575,159.09146,0.009676026,127.997116,3.5172355,48.0217,5.137563,20.67961,0.08815077,80.684135,11.411002,25.157667,7.872401,0.8031102,42.60475,7.60991,1.0063068,675.2671,2.2835422,33.661373,24.559446,194.28091,290.38654,1.2869115,0.15481642,9.759885,0.116112314,20.560812,0.7283868,3.338229,2.9276474,0.116112314,2.225486,0.47243744,48.15683,4.9112744,5.2449584,897.67975,17.225262,7.0857835,0.38976938,1.1282207,6.259788,0.43542117,12.417874,1.5566307,3.029945,6.773218,0.8224622,17.272566,74.407906,0.16997552,1.088553,0.67732185,24.351849,1.5891305,85.944115,5.3895464,1.6836286,8.735204,24.877193,0.41606912,7.702117,0.019352052,1.2075264,23.42888,177.5753,55.105915,10.872628,0.52406245,1.451404,3.7608085,45.16953,4.689647,32.49736,5516.598,7.1350584,2.3996544,16.720173,31.969128,0.019352052,86.690285,4.9473147,127.6506,1.848121,29.279655,71.10341,0.95952064,2270.7285,30.799114,0.57088554,4.101931,4.1522555,0.32737222,1.5963446,11.089918,6.2607117,33.894733,0.009676026,0.5031534,28.892614,3.3511305,3.555902,265.66446,0.19352052,1.5481641
1429.9725,0.058056157,11.986889,46.54042,0.83213824,1.0353348,0.019352052,0.038704105,55.916355,0.07740821,3.77451,0.31930888,0.009676026,0.038704105,0.2925575,159.09146,0.009676026,164.41164,3.5172355,48.0217,5.137563,18.374886,0.08815077,137.84996,17.01191,25.157667,6.59048,0.8031102,42.60475,7.60991,1.0063068,614.39856,2.2835422,32.467346,24.559446,194.28091,290.38654,1.2869115,0.15481642,9.759885,0.116112314,20.560812,0.7283868,3.338229,2.9276474,0.116112314,2.225486,0.27092874,52.92219,4.9112744,4.228572,865.5615,17.225262,7.0857835,0.38976938,1.0476586,11.883249,0.43542117,12.417874,1.5566307,3.029945,11.109102,0.8224622,17.272566,115.233574,0.16997552,1.088553,0.67732185,25.675488,1.5891305,82.84899,5.3895464,1.6836286,8.735204,23.396769,0.41606912,7.702117,0.019352052,1.2075264,16.775957,163.42477,55.343292,10.872628,0.52406245,1.451404,3.7608085,105.683014,4.689647,32.49736,5516.598,5.3454356,2.3996544,16.720173,31.969128,0.019352052,85.79575,4.9473147,92.56659,1.848121,29.279655,82.30984,0.2733634,2129.249,30.799114,0.57088554,3.1967947,4.1522555,0.32737222,1.4980366,38.488396,6.2607117,31.891573,0.009676026,0.5031534,28.892614,3.3511305,4.8874097,252.41153,0.19352052,1.5481641
1289.6721,0.058056157,13.033633,46.54042,0.83213824,1.0353348,0.019352052,0.038704105,55.916355,0.07740821,3.0916767,0.31930888,0.009676026,0.038704105,0.2925575,159.09146,0.009676026,168.02763,5.9537444,48.0217,5.137563,20.788456,0.08815077,173.07558,14.296884,25.157667,6.169074,0.8031102,42.60475,7.60991,1.0063068,507.08032,2.2835422,26.169868,24.559446,194.28091,290.38654,1.2869115,0.15481642,9.759885,0.17823167,20.560812,0.7283868,3.338229,2.9276474,0.116112314,2.225486,0.27092874,60.97382,4.9112744,8.962482,916.55145,17.225262,7.0857835,0.38976938,0.6853228,11.565811,0.43542117,12.417874,1.5566307,3.029945,8.513179,0.8224622,17.272566,106.00059,0.16997552,1.088553,0.67732185,35.249657,1.5891305,78.68513,5.3895464,1.6836286,8.735204,29.555334,0.41606912,7.702117,0.019352052,1.2075264,13.222359,262.55972,73.76134,10.872628,0.52406245,1.451404,3.7608085,134.00746,4.689647,32.49736,5516.598,2.755529,2.3996544,16.720173,31.969128,0.019352052,97.80966,4.9473147,72.861565,1.848121,29.279655,60.0867,0.23743224,2092.4253,30.799114,0.57088554,4.336909,4.1522555,0.32737222,1.2135515,38.87477,6.2607117,34.056847,0.009676026,0.5031534,28.892614,3.3511305,5.040382,206.83382,0.19352052,1.5481641
1675.5529,0.058056157,12.1493845,46.54042,0.83213824,1.0353348,0.019352052,0.038704105,55.916355,0.07740821,3.0063882,0.31930888,0.009676026,0.038704105,0.2925575,159.09146,0.009676026,137.77838,5.511973,48.0217,5.137563,24.598549,0.08815077,130.74117,11.411002,25.157667,6.9349704,0.8031102,42.60475,7.60991,1.0063068,475.03177,2.2835422,45.35118,24.559446,194.28091,290.38654,1.2869115,0.15481642,9.759885,0.2026546,20.560812,0.7283868,3.338229,2.9276474,0.116112314,2.225486,0.27092874,51.280273,4.9112744,5.1532497,825.9063,17.225262,7.0857835,0.38976938,0.73590183,13.133538,0.43542117,12.417874,1.5566307,3.029945,49.85415,0.8224622,17.272566,114.90227,0.16997552,1.088553,0.67732185,41.160343,1.5891305,87.853836,5.3895464,1.6836286,8.735204,30.651762,0.41606912,7.702117,0.019352052,1.2075264,14.031696,225.24956,65.0509,10.872628,0.52406245,1.451404,3.7608085,124.051186,4.689647,32.49736,5516.598,1.3886291,2.3996544,16.720173,31.969128,0.019352052,103.89656,4.9473147,78.93811,1.848121,29.279655,56.72006,0.11979028,2243.869,30.799114,0.57088554,3.558395,4.1522555,0.32737222,1.0633353,33.955173,6.2607117,38.55813,0.009676026,0.5031534,28.892614,3.3511305,3.7617502,197.22623,0.19352052,1.5481641
1555.4072,0.058056157,11.80679,46.54042,0.83213824,1.0353348,0.019352052,0.038704105,55.916355,0.07740821,2.991575,0.31930888,0.009676026,0.038704105,0.2925575,159.09146,0.009676026,108.52407,3.9335296,48.0217,5.137563,28.455933,0.08815077,154.27809,11.411002,25.157667,7.5724764,0.8031102,42.60475,7.60991,1.0063068,457.02374,2.2835422,30.52957,24.559446,194.28091,290.38654,1.2869115,0.15481642,9.759885,0.23156247,20.560812,0.7283868,3.338229,2.9276474,0.116112314,2.225486,0.27092874,49.168846,4.9112744,4.4927287,759.54047,17.225262,7.0857835,0.38976938,0.9820075,17.890701,0.43542117,12.417874,1.5566307,3.029945,32.75553,0.8224622,17.272566,89.211235,0.16997552,1.088553,0.67732185,30.582697,1.5891305,79.528175,5.3895464,1.6836286,8.735204,475.6053,0.41606912,7.702117,0.019352052,1.2075264,19.028944,206.03288,50.670765,10.872628,0.52406245,1.451404,3.7608085,111.954666,4.689647,32.49736,5516.598,0.8950324,2.3996544,16.720173,31.969128,0.019352052,87.50924,4.9473147,97.01282,4.09614,29.279655,61.919086,0.04838013,2276.1455,30.799114,0.57088554,3.7733874,4.1522555,0.32737222,1.4649986,35.83114,6.2607117,34.679302,0.009676026,0.5031534,28.892614,3.3511305,4.766741,191.12221,0.19352052,1.5481641
1430.9231,0.058056157,11.80679,46.54042,0.83213824,1.0353348,0.019352052,0.038704105,55.916355,0.07740821,3.12589,0.31930888,0.009676026,0.038704105,0.2925575,159.09146,0.009676026,114.4968,5.729755,48.0217,5.137563,25.962112,0.08815077,113.20407,11.411002,25.157667,6.961724,0.8031102,42.60475,7.60991,1.0063068,361.54456,2.2835422,25.06944,24.559446,194.28091,290.38654,1.2869115,0.15481642,9.759885,0.116112314,20.560812,0.7283868,3.338229,2.9276474,0.116112314,2.225486,0.27092874,46.067463,4.9112744,3.9927797,826.31976,17.225262,7.0857835,0.38976938,0.57088554,14.9080305,0.43542117,12.417874,1.5566307,3.029945,22.597183,0.8224622,17.272566,52.253387,0.16997552,1.088553,0.67732185,30.08724,1.5891305,85.76259,5.3895464,1.6836286,8.735204,141.14824,0.41606912,7.702117,0.019352052,1.2075264,14.019886,216.65616,39.296066,10.872628,0.52406245,1.451404,3.7608085,85.66803,4.689647,32.49736,5516.598,1.2332995,2.3996544,16.720173,31.969128,0.019352052,105.23346,4.9473147,76.1108,2.5112836,29.279655,54.175774,0.04838013,2416.3135,30.799114,0.57088554,3.3430266,4.1522555,0.32737222,0.91482526,36.943787,6.2607117,28.167904,0.009676026,0.5031534,28.892614,3.3511305,4.168614,151.66367,0.19352052,1.5481641
1469.2213,0.058056157,11.80679,46.54042,0.83213824,1.0353348,0.019352052,0.038704105,55.916355,0.07740821,2.1138108,0.31930888,0.009676026,0.038704105,0.2925575,159.09146,0.009676026,101.72979,6.612275,48.0217,5.137563,32.21677,0.08815077,140.9701,11.7091675,25.157667,9.145234,0.8031102,42.60475,7.60991,1.0063068,305.7965,2.2835422,37.74628,24.559446,194.28091,290.38654,1.2869115,0.15481642,9.759885,0.116112314,20.560812,0.7283868,3.338229,2.9276474,0.116112314,2.225486,0.27092874,46.887775,4.9112744,3.9572306,676.25226,17.225262,7.0857835,0.38976938,0.57088554,15.008177,0.43542117,12.417874,1.5566307,3.029945,18.098677,0.8224622,17.272566,69.80489,0.16997552,1.088553,0.67732185,45.42333,1.5891305,92.733574,5.3895464,1.6836286,8.735204,119.89664,0.41606912,7.702117,0.019352052,1.2075264,20.337564,197.4665,50.10544,10.872628,0.52406245,1.451404,3.7608085,81.702614,4.689647,32.49736,5516.598,1.3556199,2.3996544,16.720173,31.969128,0.019352052,210.77061,4.9473147,48.067574,2.0600235,29.279655,45.45933,0.0742632,2341.371,30.799114,0.57088554,3.4562764,4.1522555,0.32737222,0.8500453,26.513824,6.2607117,30.848179,0.009676026,0.5031534,28.892614,3.3511305,5.453446,221.20503,0.19352052,1.5481641
1386.8616,0.058056157,11.80679,46.54042,0.83213824,1.0353348,0.019352052,0.038704105,55.916355,0.07740821,2.3950226,0.31930888,0.009676026,0.038704105,0.2925575,159.09146,0.009676026,97.29109,6.381506,48.0217,5.137563,30.266262,0.08815077,113.04633,11.411002,25.157667,8.214507,0.8031102,42.60475,7.60991,1.0063068,310.6646,2.2835422,89.479256,24.559446,194.28091,290.38654,1.2869115,0.15481642,9.759885,0.116112314,20.560812,0.7283868,3.338229,2.9276474,0.116112314,2.8363736,0.27092874,45.823605,4.9112744,4.333223,544.2029,17.225262,7.0857835,0.38976938,0.57088554,14.91432,0.43542117,12.417874,1.5566307,3.029945,14.694176,0.8224622,17.272566,69.61693,0.16997552,1.088553,0.67732185,36.033775,1.5891305,101.57585,5.3895464,1.6836286,8.735204,68.94372,0.41606912,7.702117,0.019352052,1.2075264,12.681019,206.60948,54.592434,10.872628,0.52406245,1.451404,3.7608085,77.42056,4.689647,32.49736,5516.598,1.8034796,2.3996544,16.720173,31.969128,0.019352052,155.54291,4.9473147,66.55834,1.848121,29.279655,40.97275,0.08443941,2190.9976,30.799114,0.57088554,3.0856652,4.1522555,0.32737222,0.9829078,23.74628,6.2607117,31.541046,0.009676026,0.5031534,28.892614,3.3511305,4.0800667,212.96901,0.19352052,1.5481641
1343.2997,0.058056157,11.80679,46.54042,0.83213824,1.0353348,0.019352052,0.038704105,55.916355,0.07740821,2.4871533,0.31930888,0.009676026,0.038704105,0.2925575,159.09146,0.009676026,91.25136,4.680771,48.0217,5.137563,32.135777,0.08815077,91.57811,11.482221,25.157667,7.430356,0.8031102,42.60475,7.60991,1.0063068,379.94736,2.2835422,55.88802,24.559446,194.28091,290.38654,1.2869115,0.15481642,9.759885,0.116112314,20.560812,0.7283868,3.338229,2.9276474,0.116112314,2.225486,0.27092874,46.49568,4.9112744,3.3940492,530.09143,17.225262,7.0857835,0.38976938,0.57088554,14.982582,0.43542117,12.417874,1.5566307,3.029945,16.8172,0.8224622,17.272566,48.17287,0.16997552,1.088553,0.67732185,26.330826,1.5891305,86.55294,5.3895464,1.6836286,8.735204,23.396769,0.41606912,7.702117,0.019352052,1.2075264,10.85476,177.84618,43.79607,10.872628,0.52406245,1.451404,3.7608085,61.53161,4.689647,32.49736,5516.598,0.8950324,2.3996544,16.720173,31.969128,0.019352052,121.12315,4.9473147,136.22197,2.2589328,29.279655,42.020927,0.096484356,1942.2649,30.799114,0.57088554,2.8027585,4.1522555,0.32737222,1.1065435,31.127474,6.2607117,30.401024,0.009676026,0.5031534,28.892614,3.3511305,3.414228,327.232,0.19352052,1.5481641
1367.0956,0.058056157,11.80679,46.54042,0.83213824,1.0353348,0.019352052,0.038704105,55.916355,0.07740821,1.9824018,0.31930888,0.009676026,0.038704105,0.2925575,159.09146,0.009676026,111.94877,4.8484197,48.0217,5.137563,31.734482,0.08815077,102.40922,11.411002,25.157667,14.015015,0.8031102,42.60475,7.60991,1.0063068,388.49503,2.2835422,36.435112,24.559446,194.28091,290.38654,1.2869115,0.15481642,9.759885,0.116112314,20.560812,0.7283868,3.338229,2.9276474,0.116112314,2.225486,0.27092874,47.87389,4.9112744,5.6189814,510.58087,17.225262,7.0857835,0.38976938,0.57088554,15.645584,0.43542117,12.417874,1.5566307,3.029945,8.902422,0.8224622,17.272566,38.97111,0.16997552,1.088553,0.67732185,33.292004,1.5891305,217.72908,5.3895464,1.6836286,8.789106,23.396769,0.41606912,7.702117,0.019352052,1.2075264,16.427496,209.43079,34.52645,10.872628,0.52406245,1.451404,3.7608085,58.9367,4.689647,32.49736,5516.598,0.9815646,2.3996544,16.720173,31.969128,0.019352052,115.39786,4.9473147,96.39184,1.848121,29.279655,50.09665,0.04838013,2023.4343,30.799114,0.57088554,3.7010393,4.1522555,0.32737222,1.1629754,24.658043,6.2607117,26.780163,0.009676026,0.5031534,28.892614,3.3511305,3.2125514,302.5727,0.19352052,1.5481641
1340.1115,0.058056157,11.80679,46.54042,0.83213824,1.0353348,0.019352052,0.038704105,55.916355,0.07740821,1.3739957,0.31930888,0.009676026,0.038704105,0.2925575,159.09146,0.009676026,100.712524,5.989052,48.0217,5.137563,33.13963,0.08815077,81.82644,12.5945015,25.157667,13.478406,0.8031102,42.60475,7.60991,1.0063068,378.2402,2.2835422,62.08742,24.559446,194.28091,290.38654,1.2869115,0.15481642,9.759885,0.116112314,20.560812,0.7283868,3.338229,2.9276474,0.116112314,2.225486,0.27092874,51.05598,4.9112744,4.072944,396.40814,17.225262,7.0857835,0.38976938,0.57088554,15.237848,0.43542117,12.417874,1.5566307,3.029945,9.544359,0.8224622,17.272566,53.309704,0.16997552,1.088553,0.67732185,49.08683,1.5891305,262.7792,5.3895464,1.6836286,8.735204,38.631626,0.41606912,7.702117,0.019352052,1.2075264,9.083937,187.3294,35.286034,10.872628,0.52406245,1.451404,3.7608085,44.213158,4.689647,32.49736,5516.598,0.8950324,2.3996544,16.720173,31.969128,0.019352052,143.08778,4.9473147,99.84854,1.848121,29.279655,56.047688,0.04838013,2114.8057,30.799114,0.57088554,3.566092,4.1522555,0.32737222,0.7552089,21.507013,6.2607117,25.105503,0.009676026,0.5031534,28.892614,3.3511305,4.7481804,254.8554,0.19352052,1.6819316
1277.1576,0.058056157,11.80679,46.54042,0.83213824,1.0353348,0.019352052,0.038704105,55.916355,0.07740821,1.3739957,0.31930888,0.009676026,0.038704105,0.2925575,159.09146,0.009676026,104.554474,9.0476885,48.0217,5.137563,31.097525,0.08815077,92.539246,12.942588,25.157667,14.153751,0.8031102,42.60475,7.60991,1.0063068,303.51135,2.2835422,65.068115,24.559446,194.28091,290.38654,1.7097279,0.15481642,9.759885,0.116112314,20.560812,0.7283868,3.338229,2.9276474,0.116112314,2.225486,0.27092874,52.741455,4.9112744,5.2386603,319.69302,17.225262,7.0857835,0.38976938,0.57088554,13.017532,0.43542117,12.417874,1.5566307,3.029945,14.1945095,0.8224622,17.272566,44.873135,0.16997552,1.088553,0.67732185,66.661674,1.5891305,297.17218,5.3895464,1.6836286,8.735204,43.63435,0.41606912,7.702117,0.019352052,1.2075264,9.296147,191.75504,35.792595,10.872628,0.52406245,1.451404,3.7608085,53.56141,4.689647,32.49736,5516.598,1.0075648,2.3996544,16.720173,31.969128,0.019352052,157.30952,4.9473147,77.919914,1.848121,29.279655,48.75745,0.04838013,2285.7266,30.799114,0.57088554,2.6883595,4.1522555,0.32737222,1.2067591,29.222282,6.2607117,24.406717,0.009676026,0.5031534,28.892614,3.3511305,4.215562,222.73466,0.19352052,1.5481641
1453.8861,0.058056157,11.80679,46.54042,0.83213824,1.0353348,0.019352052,0.038704105,55.916355,0.07740821,1.3739957,0.31930888,0.009676026,0.038704105,0.2925575,159.09146,0.009676026,95.03564,6.514925,48.0217,5.137563,42.787422,0.08815077,65.29894,11.411002,25.157667,11.005826,0.8031102,42.60475,7.60991,1.0063068,254.5489,2.2835422,61.91524,24.559446,194.28091,290.38654,1.2869115,0.15481642,9.759885,0.116112314,20.560812,0.7283868,3.338229,2.9276474,0.116112314,2.225486,0.27092874,56.845814,4.9112744,4.111026,263.5123,17.225262,7.0857835,0.38976938,0.57088554,10.717856,0.43542117,12.417874,1.5566307,3.029945,8.270576,0.8224622,17.272566,32.777668,0.16997552,1.088553,0.67732185,73.76536,1.5891305,311.36932,5.3895464,1.6836286,8.735204,55.131744,0.41606912,7.702117,0.019352052,1.2075264,26.62107,224.76285,27.72424,10.872628,0.52406245,1.451404,3.7608085,37.415184,4.689647,32.49736,5516.598,0.9864187,2.3996544,16.720173,31.969128,0.019352052,144.5286,4.9473147,115.323524,1.991809,29.279655,42.752056,0.04838013,1788.0859,30.799114,0.57088554,3.023425,4.1522555,0.32737222,1.1298125,29.260317,6.2607117,27.143003,0.009676026,0.5031534,28.892614,3.3511305,3.2913375,241.84773,0.19352052,1.5481641
1672.1821,0.058056157,11.80679,46.54042,0.83213824,1.0353348,0.019352052,0.038704105,55.916355,0.07740821,1.3809474,0.93758535,0.009676026,0.038704105,0.2925575,159.09146,0.009676026,94.582275,5.8266163,48.0217,5.137563,41.146835,0.08815077,75.61634,11.411002,25.157667,14.209178,0.8031102,42.60475,7.60991,1.0063068,236.30081,2.2835422,42.22895,24.559446,194.28091,290.38654,1.3849399,0.15481642,9.759885,0.116112314,20.560812,0.7283868,3.338229,2.9276474,0.116112314,2.225486,0.27092874,55.637287,4.9112744,3.4400585,278.41992,17.225262,7.0857835,0.38976938,0.57088554,12.650125,0.43542117,12.417874,1.5566307,3.029945,7.8315287,0.8224622,17.272566,45.050846,0.16997552,1.088553,0.67732185,72.31128,1.5891305,355.7311,5.3895464,1.6836286,8.735204,23.396769,0.41606912,7.702117,0.019352052,1.2075264,16.331816,202.81049,27.24839,10.872628,0.52406245,1.451404,3.7608085,40.303425,4.689647,32.49736,5516.598,0.8950324,2.3996544,16.720173,31.969128,0.019352052,134.60696,4.9473147,116.29018,2.196831,29.279655,55.651054,0.04838013,1550.2853,30.799114,0.57088554,3.3385727,4.1522555,0.32737222,1.5810757,25.79804,6.2607117,27.840965,0.009676026,0.5031534,28.892614,3.3511305,5.323368,284.15002,0.19352052,1.5481641
1519.7235,0.058056157,11.80679,46.54042,0.83213824,1.0353348,0.019352052,0.038704105,55.916355,0.07740821,1.6757016,0.54137117,0.009676026,0.038704105,0.2925575,159.09146,0.009676026,97.76748,5.5332417,48.0217,5.137563,46.189056,0.08815077,63.4009,11.411002,25.157667,17.70469,0.8031102,42.60475,7.60991,1.0063068,217.79768,2.2835422,46.50254,24.559446,194.28091,290.38654,1.2869115,0.15481642,9.759885,0.116112314,20.560812,0.7283868,3.338229,2.9276474,0.116112314,2.225486,0.27092874,49.710682,4.9112744,7.824223,280.91226,17.225262,7.0857835,0.38976938,0.57088554,11.150247,0.43542117,12.417874,1.5566307,3.029945,6.773218,0.8224622,17.272566,72.672195,0.16997552,1.088553,0.67732185,76.46611,1.5891305,376.74588,5.3895464,1.6836286,16.662588,23.396769,0.41606912,7.702117,0.019352052,1.2075264,12.397138,237.33983,25.481354,10.872628,0.52406245,1.451404,3.7608085,37.787563,4.689647,32.49736,5516.598,1.3019478,2.3996544,16.720173,31.969128,0.019352052,183.3509,4.9473147,93.23757,1.848121,29.279655,52.12153,0.04838013,1420.6157,30.799114,0.57088554,5.4091015,4.1522555,0.32737222,1.1116223,32.42317,6.2607117,24.32884,0.009676026,0.5031534,28.892614,3.3511305,5.357541,339.83478,0.19352052,1.5481641
1773.1653,0.058056157,11.80679,46.54042,0.83213824,1.0353348,0.019352052,0.038704105,55.916355,0.07740821,1.3739957,0.4204764,0.009676026,0.038704105,0.2925575,159.09146,0.009676026,99.62019,5.530872,48.0217,5.137563,68.52995,0.08815077,55.634342,13.238587,25.157667,18.061083,0.8031102,42.60475,7.60991,1.0063068,210.2348,2.2835422,48.017998,24.559446,194.28091,290.38654,1.2869115,0.15481642,9.759885,0.116112314,20.560812,0.7283868,3.338229,2.9276474,0.116112314,2.225486,0.27092874,49.092434,4.9112744,9.908635,207.54277,17.225262,7.0857835,0.38976938,0.57088554,10.029638,0.43542117,12.417874,1.5566307,3.029945,6.773218,0.8224622,17.272566,53.624023,0.16997552,1.088553,0.67732185,81.5102,1.5891305,396.08762,5.3895464,1.6836286,13.57431,23.396769,0.41606912,7.702117,0.019352052,1.2075264,16.656118,213.74359,61.929207,10.872628,0.52406245,1.451404,3.7608085,43.357677,4.689647,32.49736,5516.598,0.9970257,2.3996544,16.720173,31.969128,0.019352052,176.0063,4.9473147,104.245605,1.848121,29.279655,50.117485,0.04838013,1378.3171,30.799114,0.57088554,3.723079,4.1522555,0.32737222,2.5925453,39.454212,6.2607117,22.285967,0.009676026,0.5031534,28.892614,3.3511305,4.7620387,365.45163,0.19352052,1.5481641
1738.5464,0.058056157,11.80679,46.54042,0.83213824,1.0353348,0.019352052,0.038704105,55.916355,0.07740821,1.3739957,0.36192152,0.009676026,0.038704105,0.2925575,159.09146,0.009676026,101.857864,6.077729,48.0217,5.137563,55.30518,0.08815077,54.704975,17.844429,25.157667,13.321523,0.8031102,42.60475,7.60991,2.0978885,183.24063,2.2835422,22.060232,24.559446,194.28091,290.38654,1.2869115,0.15481642,9.759885,0.116112314,20.560812,0.7283868,3.338229,2.9276474,0.116112314,2.225486,0.27092874,53.45022,4.9112744,8.538726,173.92506,17.225262,7.0857835,0.38976938,0.57088554,11.29253,0.43542117,12.417874,1.5566307,3.029945,6.773218,0.8224622,17.272566,52.871014,0.16997552,1.088553,0.67732185,60.67325,1.5891305,419.65573,5.3895464,1.6836286,12.204356,23.396769,0.41606912,7.702117,0.019352052,1.2075264,12.202339,196.88406,37.46763,10.872628,0.52406245,1.451404,3.7608085,33.644173,4.689647,32.49736,5516.598,1.402047,2.3996544,16.720173,31.969128,0.019352052,137.2403,4.9473147,103.61969,1.848121,29.279655,38.754547,0.04838013,1042.0624,30.799114,0.57088554,4.524861,4.1522555,0.32737222,1.6063004,38.881516,6.2607117,26.171934,0.009676026,0.5031534,28.892614,3.3511305,3.8668723,346.45975,0.19352052,1.5481641
1748.5632,0.058056157,11.80679,46.54042,0.83213824,1.0353348,0.019352052,0.038704105,55.916355,0.07740821,1.3739957,0.47828358,0.009676026,0.038704105,0.2925575,159.09146,0.009676026,139.65843,10.114979,48.0217,5.137563,79.340385,0.08815077,43.74834,21.97417,25.157667,14.811797,0.8031102,42.60475,7.60991,1.3054602,203.64424,2.2835422,29.707317,24.559446,194.28091,290.38654,1.2869115,0.15481642,9.759885,0.116112314,20.560812,0.7283868,3.338229,2.9276474,0.116112314,2.225486,0.27092874,49.00358,4.9112744,7.5104628,151.73767,17.225262,7.0857835,0.38976938,0.57088554,11.424129,0.43542117,12.417874,1.5566307,3.029945,6.773218,0.8224622,17.272566,64.73913,0.16997552,1.088553,0.67732185,57.06365,1.5891305,423.65018,5.3895464,1.6836286,15.186152,23.396769,0.41606912,7.702117,0.019352052,1.2075264,8.989718,190.02701,34.786057,10.872628,0.52406245,1.451404,3.7608085,25.529263,4.689647,32.49736,5516.598,1.0483534,2.3996544,16.720173,31.969128,0.019352052,163.90042,4.9473147,102.96422,1.848121,29.279655,47.445297,0.04838013,932.55164,30.799114,0.57088554,4.7023335,4.1522555,0.32737222,1.6548853,31.155102,6.2607117,24.05698,0.009676026,0.5031534,28.892614,3.3511305,3.867482,385.40512,0.19352052,1.5481641
1845.2257,0.058056157,11.80679,46.54042,0.83213824,1.0353348,0.019352052,0.038704105,55.916355,0.07740821,1.7609963,0.33492035,0.009676026,0.038704105,0.2925575,159.09146,0.009676026,127.94531,17.16786,48.0217,5.137563,73.66734,0.08815077,38.68361,35.45392,25.157667,17.66932,0.8031102,42.60475,7.60991,1.0844865,210.21387,2.2835422,34.00869,24.559446,194.28091,290.38654,1.2869115,0.15481642,9.759885,0.116112314,20.560812,0.7283868,3.338229,2.9276474,0.116112314,2.225486,0.27092874,49.42374,4.9112744,7.1948633,156.79727,17.225262,7.0857835,0.38976938,0.57088554,12.565049,0.43542117,12.417874,1.5566307,3.029945,6.773218,0.8224622,17.272566,51.74415,0.16997552,1.088553,0.67732185,54.11445,1.5891305,473.06543,5.3895464,1.6836286,13.875689,23.396769,0.41606912,7.702117,0.019352052,1.2075264,7.602902,218.01888,29.106262,10.872628,0.52406245,1.451404,3.7608085,22.644604,4.689647,32.49736,5516.598,1.0549481,2.3996544,16.720173,31.969128,0.019352052,170.79988,4.9473147,82.82807,1.848121,29.279655,41.68413,0.04838013,1034.9541,30.799114,0.57088554,4.4725313,4.1522555,0.32737222,1.8737799,26.320684,6.2607117,23.885078,0.009676026,0.5031534,28.892614,3.3511305,4.6532564,367.87396,0.19352052,1.5481641
2004.3163,0.058056157,11.80679,46.54042,0.83213824,1.0353348,0.38380826,0.038704105,55.916355,0.07740821,1.3739957,0.31930888,0.009676026,0.038704105,0.2925575,159.09146,0.009676026,131.62491,18.28557,48.0217,5.137563,74.1194,0.08815077,69.313065,22.911644,25.157667,13.362717,0.8031102,42.60475,7.60991,1.0063068,244.1067,2.2835422,36.635273,24.559446,194.28091,290.38654,1.2869115,0.15481642,9.759885,0.116112314,20.560812,0.7283868,3.338229,2.9276474,0.116112314,27.766151,0.27092874,57.897446,4.9112744,5.834179,153.00298,17.225262,7.0857835,0.38976938,0.57088554,9.038054,0.43542117,12.417874,1.5566307,3.029945,6.773218,0.8224622,17.272566,40.018246,0.16997552,1.088553,0.67732185,64.37184,1.5891305,453.88058,5.3895464,1.6836286,13.887265,23.396769,0.41606912,7.702117,0.019352052,1.2075264,8.389863,177.19405,41.283756,10.872628,0.52406245,1.451404,3.7608085,25.000896,4.689647,32.49736,5516.598,0.8950324,2.3996544,16.720173,31.969128,0.019352052,184.84705,4.9473147,74.53062,1.848121,29.279655,47.74473,0.04838013,974.6766,30.799114,0.57088554,4.252605,4.1522555,0.32737222,1.5818981,28.721695,6.2607117,20.972443,0.009676026,0.5031534,28.892614,3.3511305,4.9191756,488.74945,0.19352052,1.5481641
1923.5038,0.058056157,11.80679,46.54042,0.83213824,1.0353348,0.10934536,0.038704105,55.916355,0.07740821,5.484402,0.31930888,0.009676026,0.038704105,0.2925575,159.09146,0.009676026,118.75748,19.305521,48.0217,5.137563,60.776142,0.08815077,47.633396,19.188292,25.157667,11.238374,0.8031102,42.60475,7.60991,1.1792849,400.62778,2.2835422,39.949375,24.559446,194.28091,290.38654,2.2522519,0.15481642,9.759885,0.116112314,20.560812,0.7283868,3.338229,2.9276474,0.116112314,8.873736,0.27092874,50.85928,10.8706455,4.471723,142.0224,17.225262,7.0857835,0.38976938,0.57088554,7.978312,0.43542117,12.417874,1.5566307,3.029945,6.773218,0.8224622,17.272566,31.876211,0.16997552,1.088553,0.67732185,81.346214,1.5891305,438.54257,5.3895464,1.6836286,17.629202,23.396769,0.41606912,7.702117,0.019352052,1.2075264,15.450203,152.28616,25.8833,10.872628,0.52406245,1.451404,3.7608085,25.116634,4.689647,32.49736,5516.598,0.9415622,2.3996544,16.720173,31.969128,0.019352052,185.818,4.9473147,61.041153,1.848121,29.279655,41.774178,0.04838013,969.8047,30.799114,0.57088554,3.3745048,4.1522555,0.32737222,1.6043181,23.163435,6.2607117,21.911114,0.009676026,0.5031534,28.892614,3.3511305,4.6594734,333.9752,0.19352052,1.5481641
1871.7327,0.058056157,11.80679,46.54042,0.83213824,1.0353348,0.09497289,0.038704105,55.916355,0.07740821,2.9994152,0.39348352,0.009676026,0.038704105,0.2925575,159.09146,0.009676026,105.760155,80.7838,48.0217,5.137563,71.396194,0.08815077,68.53909,16.93446,25.157667,14.316047,0.8031102,42.60475,7.60991,1.0063068,289.0206,2.2835422,46.271458,24.559446,194.28091,290.38654,1.3755819,0.15481642,9.759885,0.116112314,20.560812,0.7283868,3.338229,2.9276474,0.116112314,7.9639697,0.27092874,49.588093,7.041384,3.6146426,132.92648,17.225262,7.0857835,0.38976938,0.57088554,11.874162,0.43542117,12.417874,1.5566307,3.029945,6.773218,0.8224622,17.272566,33.000698,0.16997552,1.088553,0.67732185,79.00584,1.5891305,454.26346,5.3895464,1.6836286,19.17595,39.16175,0.41606912,7.702117,0.019352052,1.2075264,13.931079,175.04305,23.539564,10.872628,0.52406245,1.451404,3.7608085,21.667492,4.689647,32.49736,5516.598,0.8950324,2.3996544,16.720173,31.969128,0.019352052,212.9149,4.9473147,75.34431,1.848121,29.279655,43.57707,0.04838013,791.4082,30.799114,0.57088554,5.476228,4.1522555,0.32737222,1.0894461,16.738111,6.2607117,20.728605,0.009676026,0.5031534,28.892614,3.3511305,7.5818043,259.23337,0.19352052,1.9609964
1814.7013,0.058056157,11.80679,46.54042,0.83213824,1.0353348,0.04791611,0.038704105,55.916355,0.07740821,2.3100905,0.4280811,0.009676026,0.038704105,0.2925575,159.09146,0.009676026,82.18704,70.29624,48.0217,5.137563,81.02763,0.08815077,48.145313,19.257671,25.157667,14.829723,0.8031102,42.60475,7.60991,1.0063068,240.39893,2.2835422,42.22153,24.559446,194.28091,290.38654,1.2869115,0.15481642,9.759885,0.116112314,20.560812,0.7283868,3.338229,2.9276474,0.116112314,5.521843,0.27092874,58.278862,5.48193,8.831387,132.35194,17.225262,7.0857835,0.38976938,0.57088554,10.202895,0.43542117,12.417874,1.5566307,3.029945,6.773218,0.8224622,17.272566,58.5038,0.16997552,1.088553,0.67732185,75.2067,1.5891305,465.30197,5.3895464,1.6836286,18.712286,43.75088,0.41606912,7.702117,0.019352052,1.2075264,14.703432,197.82816,24.356768,10.872628,0.52406245,1.451404,3.7608085,22.025635,4.689647,32.49736,5516.598,0.8950324,2.3996544,16.720173,31.969128,0.019352052,208.55025,4.9473147,67.32292,1.848121,29.279655,45.550697,0.04838013,689.5837,30.799114,0.57088554,4.755379,4.1522555,0.32737222,1.1220462,14.896371,6.2607117,24.525864,0.009676026,0.5031534,28.892614,3.3511305,7.0115485,269.92358,0.19352052,1.5481641
1924.3196,0.058056157,11.80679,46.54042,0.83213824,1.0353348,0.019352052,0.038704105,55.916355,0.07740821,2.1465292,0.31930888,0.009676026,0.038704105,0.2925575,159.09146,0.009676026,87.758644,46.841286,48.0217,5.137563,69.8627,0.08815077,48.543785,12.890073,25.157667,16.016735,0.8031102,42.60475,7.60991,1.0063068,220.5707,2.2835422,40.503834,24.559446,194.28091,290.38654,1.2869115,0.15481642,9.759885,0.116112314,20.560812,0.7283868,3.338229,2.9276474,0.116112314,2.2666295,0.27092874,62.26653,5.8598223,6.2550364,134.01164,17.225262,7.0857835,0.38976938,0.57088554,10.870399,0.43542117,12.417874,1.5566307,3.029945,6.773218,0.8224622,17.272566,29.908348,0.16997552,1.088553,0.67732185,96.32607,1.5891305,475.43927,5.3895464,1.6836286,32.62122,48.534393,0.41606912,7.702117,0.019352052,1.2075264,42.67711,194.63393,26.462204,10.872628,0.52406245,1.451404,3.7608085,29.839172,4.689647,32.49736,5516.598,0.8950324,2.3996544,16.720173,31.969128,0.019352052,191.1568,4.9473147,69.30821,1.848121,29.279655,40.93204,0.04838013,773.05206,30.799114,0.57088554,4.541501,4.1522555,0.32737222,1.5749274,18.326414,6.2607117,25.571516,0.009676026,0.5031534,28.892614,3.3511305,4.9863777,313.02478,0.19352052,1.5481641
1930.9478,0.058056157,11.80679,46.54042,0.83213824,1.0353348,0.019352052,0.038704105,55.916355,0.07740821,2.7241507,0.31930888,0.009676026,0.038704105,0.2925575,159.09146,0.009676026,86.48036,79.35751,48.0217,5.137563,68.42694,0.08815077,43.620815,36.998898,25.157667,13.604582,0.8031102,42.60475,7.60991,1.0561069,252.24481,2.2835422,40.778984,24.559446,194.28091,290.38654,1.2869115,0.15481642,9.759885,0.116112314,20.560812,0.7283868,3.338229,2.9276474,0.116112314,2.225486,0.27092874,50.269318,6.33596,5.2043486,132.35194,17.225262,7.0857835,0.38976938,0.57088554,10.858728,0.43542117,12.417874,1.5566307,3.029945,6.773218,0.8224622,17.272566,141.49226,0.16997552,1.088553,0.67732185,69.22063,1.5891305,490.77707,5.3895464,1.6836286,24.53929,49.560635,0.41606912,7.702117,0.019352052,1.2075264,21.72529,168.87703,39.769047,10.872628,0.52406245,1.451404,3.7608085,32.252945,4.689647,32.49736,5516.598,0.8950324,2.3996544,16.720173,31.969128,0.019352052,134.99817,4.9473147,72.355095,1.848121,65.17637,39.32021,0.04838013,643.54114,30.799114,0.57088554,3.5148828,4.1522555,0.32737222,1.6826341,18.953775,6.2607117,26.277771,0.009676026,0.5031534,28.892614,3.3511305,6.64156,260.63373,0.19352052,1.5481641
1967.5426,0.058056157,11.80679,46.54042,0.83213824,1.0353348,0.029705279,0.038704105,55.916355,0.07740821,1.8864613,0.31930888,0.19190413,0.038704105,0.2925575,159.09146,0.009676026,101.12934,58.51644,48.0217,5.137563,55.831287,0.08815077,50.560486,32.754295,25.157667,13.418962,0.8031102,42.60475,7.60991,1.148234,253.91054,2.2835422,40.720642,24.559446,194.28091,290.38654,1.2869115,0.15481642,9.759885,0.116112314,20.560812,0.7283868,3.338229,2.9276474,0.116112314,2.7323458,0.27092874,52.785583,4.9112744,4.6190557,132.35194,17.353683,7.0857835,0.38976938,0.57088554,14.865873,0.43542117,12.417874,1.5566307,3.029945,6.773218,0.8224622,17.272566,112.708336,0.16997552,1.088553,0.67732185,58.639553,1.5891305,469.70773,5.3895464,1.6836286,27.883068,57.81678,0.41606912,7.702117,0.019352052,1.2075264,25.275057,154.8665,28.953259,10.872628,0.52406245,1.451404,3.7608085,26.642542,4.689647,32.49736,5516.598,0.8950324,2.3996544,16.720173,31.969128,0.019352052,159.44595,4.9473147,60.082256,1.848121,39.917717,36.477818,0.04838013,642.9064,30.799114,0.57088554,4.760141,4.1522555,0.32737222,1.4918253,18.616129,6.2607117,26.43767,0.009676026,0.5031534,28.892614,3.3511305,6.936655,237.38997,0.19352052,1.5481641
2035.2131,0.058056157,11.80679,46.54042,0.83213824,1.0353348,0.033775765,0.038704105,55.916355,0.07740821,1.3739957,0.31930888,0.05467268,0.038704105,0.2925575,159.09146,0.009676026,84.38538,61.59632,48.0217,5.137563,96.0534,0.08815077,33.41249,32.037663,25.157667,12.820245,0.8031102,42.60475,7.60991,1.0063068,278.47787,2.2835422,44.221085,24.559446,194.28091,290.38654,1.2869115,0.15481642,9.759885,0.116112314,20.560812,0.7283868,3.338229,2.9276474,0.116112314,3.0213504,0.27092874,54.955006,4.9112744,5.0529857,132.35194,17.225262,7.0857835,0.38976938,0.57088554,13.029916,0.44978788,12.417874,1.5566307,3.029945,6.773218,0.8224622,17.272566,127.54331,0.16997552,1.2174914,0.67732185,89.33382,1.5891305,579.18,5.3895464,1.6836286,33.404095,44.636276,0.41606912,7.702117,0.019352052,1.2075264,23.88823,180.2263,24.413445,10.872628,1.6646456,1.451404,3.7608085,21.736828,4.689647,32.49736,5516.598,0.8950324,2.3996544,16.720173,31.969128,0.019352052,162.62721,4.9473147,44.034706,1.848121,32.71587,54.580135,0.04838013,687.4968,30.799114,0.57088554,3.2542303,4.1522555,0.32737222,1.911769,19.422995,6.2607117,27.935236,0.009676026,0.5031534,28.892614,3.3511305,5.9879947,187.88263,0.19352052,1.5481641
2410.428,0.058056157,11.80679,46.54042,0.83213824,1.0353348,0.038593743,0.038704105,55.916355,0.07740821,1.4251395,0.31930888,0.047486447,0.038704105,0.2925575,159.09146,0.009676026,87.966705,49.232944,48.0217,5.137563,69.10759,0.08815077,38.380432,27.511293,25.157667,11.701713,0.8031102,42.60475,7.60991,1.0063068,242.71956,2.2835422,36.370895,24.559446,194.28091,290.38654,1.2869115,0.15481642,9.759885,0.116112314,20.560812,0.7283868,3.338229,2.9276474,0.116112314,4.270428,0.27092874,53.06725,4.9112744,6.809526,134.91527,17.225262,7.0857835,0.38976938,0.57088554,9.874632,0.43542117,12.417874,1.5566307,3.029945,6.773218,0.8224622,17.272566,102.25395,0.16997552,1.088553,0.67732185,75.53503,1.5891305,592.7646,5.3895464,1.6836286,30.317427,37.29492,0.41606912,7.702117,0.019352052,1.2075264,26.31745,158.57976,25.606909,10.872628,8.761172,1.451404,3.7608085,21.37813,4.689647,32.49736,5516.598,0.8950324,2.3996544,16.720173,31.969128,0.019352052,162.80238,4.9473147,46.034576,1.848121,29.279655,42.37709,0.04838013,703.7556,30.799114,0.57088554,2.9574695,4.1522555,0.32737222,1.6238952,27.422924,6.2607117,29.377916,0.009676026,0.5031534,28.892614,3.3511305,4.8442616,190.99564,0.19352052,1.5481641
2326.3967,0.058056157,11.80679,46.54042,0.83213824,1.0353348,0.019352052,0.038704105,55.916355,0.07740821,2.0500057,0.31930888,0.023958055,0.038704105,0.2925575,159.09146,0.009676026,80.31346,50.752625,48.0217,5.137563,64.3343,0.08815077,42.79178,45.3425,25.157667,11.055656,0.8031102,42.60475,7.60991,1.0063068,250.88414,2.2835422,34.345024,24.559446,194.28091,290.38654,1.2869115,0.15481642,9.759885,0.116112314,20.560812,0.7283868,3.338229,2.9276474,0.116112314,2.225486,0.9082804,47.210804,5.3601737,4.958031,132.7912,17.225262,7.0857835,0.38976938,0.57088554,12.589378,0.43542117,12.417874,1.5566307,3.029945,6.773218,0.8224622,17.272566,112.67301,0.16997552,1.088553,0.67732185,52.93403,1.5891305,608.95996,5.3895464,1.6836286,32.1493,42.519882,0.41606912,7.702117,0.019352052,1.2075264,18.846045,157.25032,25.954529,10.872628,3.2277448,1.451404,3.7608085,20.688065,4.689647,32.49736,5516.598,0.8950324,2.3996544,16.720173,31.969128,0.019352052,143.9102,4.9473147,42.144978,1.848121,35.895878,49.32176,0.04838013,779.662,30.799114,0.57088554,2.6073368,4.1522555,0.32737222,1.5346982,24.501474,6.2607117,26.070745,0.009676026,0.5031534,28.892614,3.3511305,5.636709,294.71252,0.19352052,1.5481641
2470.7444,0.058056157,11.80679,46.54042,0.83213824,1.0353348,0.019352052,0.038704105,55.916355,0.07740821,2.105702,0.31930888,0.009676026,0.038704105,0.2925575,159.09146,0.009676026,77.21119,58.08935,48.0217,5.137563,57.76657,0.08815077,50.786175,29.702885,25.157667,11.985846,0.8031102,42.60475,7.60991,1.0063068,305.22882,2.2835422,44.579475,24.559446,194.28091,290.38654,1.2869115,0.15481642,9.759885,0.116112314,20.560812,0.7283868,3.338229,2.9276474,0.116112314,2.225486,0.5120663,37.294926,6.51574,3.9342744,136.31915,17.225262,7.0857835,0.38976938,0.57088554,10.674115,0.43542117,12.417874,1.5566307,3.029945,6.773218,0.8224622,17.272566,106.11164,0.16997552,1.088553,0.67732185,66.631065,1.5891305,614.37,5.3895464,1.6836286,33.131863,38.364754,0.41606912,7.702117,0.019352052,1.2075264,13.186882,144.15494,24.47835,10.872628,2.2948263,1.451404,3.7608085,17.114174,4.689647,32.49736,5516.598,0.8950324,2.3996544,16.720173,31.969128,0.019352052,158.45653,4.9473147,42.504784,1.848121,29.279655,41.95414,0.04838013,530.44745,30.799114,0.57088554,2.2939954,4.1522555,0.32737222,1.9943595,25.611082,6.2607117,26.338482,0.009676026,0.5031534,28.892614,3.3511305,5.188483,198.36234,0.19352052,1.5481641
2329.796,0.058056157,11.80679,46.54042,0.83213824,1.0353348,0.019352052,0.038704105,55.916355,0.07740821,1.3739957,0.31930888,0.009676026,0.038704105,0.2925575,159.09146,0.009676026,65.19732,58.86222,48.0217,5.137563,58.44438,0.08815077,51.381145,19.142654,25.157667,12.80106,0.8031102,42.60475,7.60991,1.0063068,227.13734,2.2835422,50.09863,24.559446,194.28091,290.38654,1.2869115,0.15481642,9.759885,0.116112314,20.560812,0.7283868,3.338229,2.9276474,0.116112314,2.225486,0.3884325,43.612003,4.9112744,4.227512,132.35194,17.225262,7.0857835,0.38976938,0.57088554,11.407004,0.43542117,12.417874,1.5566307,3.029945,6.773218,0.8224622,17.272566,85.11022,0.16997552,1.088553,0.67732185,48.52629,1.5891305,673.5054,5.3895464,1.6836286,43.546413,38.106644,0.41606912,7.702117,0.019352052,1.2075264,15.503603,133.65674,21.166172,10.872628,1.1342725,1.451404,3.7608085,16.861378,4.689647,32.49736,5516.598,0.8950324,2.3996544,16.720173,31.969128,0.019352052,156.5377,4.9473147,38.262856,1.848121,29.279655,40.637676,0.04838013,694.52057,30.799114,0.57088554,2.3352554,4.1522555,0.32737222,1.5172074,26.448786,6.2607117,25.618706,0.009676026,0.5031534,28.892614,3.3511305,4.527811,159.44475,0.19352052,1.5481641
2063.8914,0.058056157,11.80679,46.54042,0.83213824,1.0353348,0.019352052,0.038704105,55.916355,0.07740821,1.3739957,0.31930888,0.014852639,0.038704105,0.2925575,159.09146,0.009676026,66.35762,64.27521,48.0217,5.137563,54.904896,0.08815077,30.708729,17.937222,25.157667,10.010417,0.8031102,42.60475,7.60991,1.0063068,241.67395,2.2835422,33.8444,24.559446,194.28091,290.38654,1.2869115,0.15481642,9.759885,0.116112314,20.560812,0.7283868,3.338229,2.9276474,0.116112314,2.225486,0.33261657,43.09014,4.9112744,53.31892,133.11281,17.538206,7.0857835,0.38976938,0.57088554,7.82302,0.43542117,12.417874,1.5566307,3.029945,6.773218,0.8224622,17.272566,71.627106,0.16997552,1.088553,0.67732185,61.992695,1.5891305,673.85394,5.3895464,1.6836286,44.24195,32.06847,0.41606912,7.702117,0.019352052,1.2075264,14.967021,124.841385,19.432756,10.872628,0.8330115,1.451404,3.7608085,21.913443,4.689647,32.49736,5516.598,0.8950324,2.3996544,16.720173,31.969128,0.019352052,120.2274,4.9473147,50.81799,1.848121,29.279655,37.857693,0.04838013,651.25085,30.799114,1.4620575,8.36031,4.1522555,0.32737222,1.1350987,21.570536,6.2607117,27.389805,0.009676026,0.8728008,28.892614,3.3511305,3.3868144,139.7176,0.19352052,1.5481641
2047.1348,0.058056157,11.80679,46.54042,0.83213824,1.0353348,0.019352052,0.038704105,55.916355,0.07740821,1.3739957,0.31930888,0.016887883,0.038704105,0.2925575,159.09146,0.009676026,65.913734,74.446365,48.0217,5.137563,42.79779,0.08815077,40.701782,25.721249,25.157667,9.794104,0.8031102,42.60475,7.60991,1.0063068,246.05894,2.2835422,26.53959,24.559446,194.28091,290.38654,1.2869115,0.15481642,9.759885,0.116112314,20.560812,0.7283868,3.338229,2.9276474,0.116112314,2.225486,0.43535146,36.815716,4.9112744,16.745472,140.64459,17.225262,7.0857835,0.38976938,0.57088554,10.255374,0.43542117,12.417874,1.5566307,3.029945,6.773218,0.8224622,17.272566,74.53625,0.16997552,1.088553,0.67732185,59.799442,1.5891305,668.58246,5.3895464,1.6836286,38.523304,35.576504,0.41606912,7.702117,0.019352052,1.2075264,38.660862,118.386696,19.594355,10.872628,0.52406245,1.451404,3.7608085,22.947527,4.689647,32.49736,5516.598,0.8950324,2.3996544,16.720173,31.969128,0.019352052,148.99442,4.9473147,41.490517,1.848121,31.616526,62.45867,0.04838013,659.1379,30.799114,0.8677362,4.964537,4.1522555,0.32737222,1.1460198,17.827473,6.2607117,24.130352,0.009676026,0.6028065,28.892614,3.3511305,3.1563246,155.22226,0.19352052,1.5481641
1948.2649,0.058056157,11.80679,46.54042,0.83213824,1.0353348,0.019352052,0.038704105,55.916355,0.07740821,1.3739957,0.31930888,0.019296871,0.038704105,0.2925575,159.09146,0.009676026,105.89015,87.13881,48.0217,5.137563,51.658184,0.08815077,62.748096,38.75482,25.157667,10.433706,0.8031102,42.60475,7.60991,1.0063068,299.94122,2.2835422,30.928219,24.559446,194.28091,290.38654,1.2869115,0.15481642,9.759885,0.116112314,20.560812,0.7283868,3.338229,2.9276474,0.116112314,2.225486,0.3056154,32.99322,4.9112744,46.82987,132.35194,17.225262,7.0857835,0.38976938,0.57088554,12.862312,0.465889,12.417874,1.5566307,3.029945,6.773218,0.8224622,17.272566,74.30144,0.16997552,1.088553,0.67732185,76.48718,1.5891305,765.8292,5.3895464,1.6836286,33.993332,31.569366,0.41606912,7.702117,0.019352052,1.2075264,58.165474,136.9981,21.43458,10.872628,0.7809456,1.451404,3.7608085,20.564789,4.689647,32.49736,5516.598,0.8950324,2.3996544,16.720173,31.969128,0.019352052,154.5106,4.9473147,42.840393,1.848121,34.90613,55.58874,0.04838013,664.2572,30.799114,0.691598,3.8662376,4.1522555,0.32737222,1.3125163,15.755101,6.2607117,24.259361,0.009676026,0.5254529,28.892614,3.3511305,3.7264645,184.31621,0.19352052,1.5481641
1797.6096,0.058056157,11.80679,46.54042,0.83213824,1.0353348,0.019352052,0.038704105,55.916355,0.07740821,1.3739957,0.31930888,0.009676026,0.038704105,0.2925575,159.09146,0.009676026,105.22967,84.961754,48.0217,5.137563,51.41093,0.08815077,50.87712,29.332823,25.157667,10.540453,0.8031102,42.60475,7.60991,1.0063068,307.0658,2.2835422,38.293583,24.559446,194.28091,290.38654,1.2869115,0.15481642,9.759885,0.116112314,20.560812,0.7283868,3.338229,2.9276474,0.116112314,2.225486,0.27092874,47.074387,4.9112744,20.422651,141.00743,17.225262,7.0857835,0.38976938,0.57088554,9.689175,0.43542117,12.417874,1.5566307,3.029945,6.773218,0.8224622,17.272566,63.723812,0.16997552,1.088553,0.67732185,84.940025,1.5891305,818.85785,5.3895464,1.6836286,39.356705,29.508894,0.41606912,7.702117,0.019352052,1.2075264,57.58384,113.61163,24.503344,10.872628,1.0846374,1.451404,3.7608085,18.394579,4.689647,32.49736,5516.598,0.8950324,2.3996544,16.720173,31.969128,0.019352052,153.43655,4.9473147,33.611515,1.848121,29.279655,44.074547,0.04838013,818.26324,30.799114,0.5985617,4.5265303,4.1522555,0.32737222,1.4574565,15.385342,6.2607117,24.137148,0.009676026,0.6171964,28.892614,3.3511305,2.4473805,186.1955,0.19352052,1.5481641
1545.616,0.058056157,11.80679,46.54042,0.83213824,1.0353348,0.019352052,0.038704105,55.916355,0.07740821,1.3739957,0.31930888,0.009676026,0.038704105,0.2925575,159.09146,0.009676026,86.72772,100.047676,48.0217,5.137563,58.490147,0.08815077,45.900192,21.074083,25.157667,7.857086,0.8031102,42.60475,7.60991,1.0063068,313.74805,2.2835422,32.12821,24.559446,194.28091,290.38654,1.2869115,0.15481642,9.759885,0.116112314,20.560812,0.7283868,10.393984,2.9276474,0.116112314,2.225486,0.27092874,41.125843,4.9112744,25.175497,132.35194,17.225262,7.0857835,0.38976938,0.57088554,17.287096,0.43542117,12.417874,1.5566307,3.029945,6.773218,0.8224622,17.272566,75.90701,0.16997552,1.088553,0.67732185,129.97276,1.5891305,878.10187,5.3895464,1.6836286,54.69652,34.76459,0.41606912,7.702117,0.019352052,1.2075264,81.077415,163.27727,20.193542,10.872628,0.97083426,1.451404,3.7608085,22.225977,4.689647,32.49736,5516.598,0.8950324,2.3996544,16.720173,31.969128,0.019352052,172.88344,4.9473147,36.0357,1.848121,29.279655,44.293003,0.04838013,651.6328,30.799114,0.7731047,5.038805,4.1522555,0.32737222,1.5751996,15.34763,6.2607117,25.223396,0.009676026,0.6054144,28.892614,3.3511305,1.9656456,176.57455,0.19352052,1.5481641
1543.9794,0.058056157,11.80679,46.54042,0.83213824,1.0353348,0.019352052,0.038704105,55.916355,0.07740821,1.3739957,0.31930888,0.009676026,0.038704105,0.2925575,159.09146,0.009676026,117.008125,106.21106,48.0217,5.137563,56.885067,0.08815077,42.839436,27.218998,25.157667,10.096909,0.8031102,42.60475,7.60991,1.0063068,306.70444,2.2835422,24.854143,24.559446,194.28091,290.38654,1.2869115,0.15481642,9.759885,0.116112314,20.560812,0.7283868,5.9365745,2.9276474,0.116112314,2.225486,0.3580704,44.704144,4.9112744,2.4964147,138.49452,17.225262,7.0857835,0.38976938,0.57088554,15.392966,0.43542117,12.417874,1.5566307,3.029945,6.773218,0.8224622,17.272566,64.28759,0.16997552,1.088553,0.67732185,105.72841,1.5891305,777.25146,5.3895464,1.6836286,68.088844,37.611412,0.41606912,7.702117,0.019352052,1.2075264,68.46581,164.60023,26.944069,10.872628,0.52406245,1.451404,3.7608085,25.192425,4.689647,32.49736,5516.598,0.8950324,2.3996544,16.720173,31.969128,0.019352052,165.84851,4.9473147,31.246897,1.848121,29.279655,45.662918,0.04838013,492.93756,30.799114,0.57088554,4.32861,4.1522555,0.32737222,1.3703927,15.85316,6.2607117,23.0396,0.009676026,0.5031534,28.892614,3.3511305,1.7547082,242.68242,0.19352052,1.5481641
1402.2401,0.058056157,11.80679,46.54042,0.83213824,1.0353348,0.019352052,0.038704105,55.916355,0.07740821,1.3739957,0.31930888,0.009676026,0.038704105,0.2925575,159.09146,0.009676026,85.86841,106.20393,48.0217,5.137563,54.376762,0.08815077,40.80691,22.804342,25.157667,12.228421,0.8031102,42.60475,7.60991,1.0063068,317.69,2.2835422,41.430447,24.559446,194.28091,290.38654,1.2869115,0.15481642,9.759885,0.116112314,20.560812,0.7283868,4.562129,2.9276474,0.116112314,7.910725,0.3650007,41.275394,4.9112744,13.932607,135.94055,17.225262,7.0857835,0.38976938,0.57088554,13.696809,0.43542117,12.417874,1.5566307,3.029945,6.773218,0.8224622,17.272566,93.4202,0.16997552,1.088553,0.67732185,90.66241,1.5891305,880.2677,5.3895464,1.6836286,67.43894,31.293453,0.41606912,7.702117,0.019352052,1.2075264,65.55523,247.55984,27.983082,10.872628,0.52406245,1.451404,3.7608085,29.255009,4.689647,32.49736,5516.598,0.8950324,2.3996544,16.720173,31.969128,0.019352052,174.05977,4.9473147,142.97928,1.848121,29.279655,66.16219,0.04838013,481.17963,30.799114,0.57088554,2.444821,4.1522555,0.32737222,1.1784229,18.39629,6.2607117,23.82362,0.009676026,0.5031534,28.892614,3.3511305,1.7377357,214.97299,0.19352052,1.5481641
1405.0178,0.058056157,11.80679,46.54042,0.83213824,1.0353348,0.019352052,0.038704105,55.916355,0.07740821,1.3739957,0.31930888,0.009676026,0.038704105,0.2925575,159.09146,0.009676026,122.388664,84.80214,48.0217,5.137563,53.43238,0.08815077,36.708313,16.089056,25.157667,11.510832,0.8031102,42.60475,7.60991,1.0063068,306.00473,2.2835422,28.427258,24.559446,194.28091,290.38654,1.2869115,0.15481642,9.759885,0.116112314,20.560812,0.7283868,4.289852,2.9276474,0.116112314,6.849288,0.35015097,50.591034,4.9112744,14.016882,139.03267,17.225262,7.0857835,0.38976938,0.57088554,14.404719,0.43542117,12.417874,1.5566307,3.029945,6.773218,0.8224622,17.272566,69.53218,0.16997552,1.088553,0.67732185,83.67726,1.5891305,942.9885,5.3895464,1.6836286,107.73557,29.7646,0.41606912,7.702117,0.019352052,1.2075264,36.194733,214.02367,27.376019,10.872628,0.52406245,1.451404,3.7608085,27.037718,4.689647,32.49736,5516.598,0.8950324,2.3996544,16.720173,31.969128,0.019352052,171.42288,4.9473147,89.417816,1.848121,29.279655,54.478275,0.04838013,423.06573,30.799114,0.57088554,2.6392295,4.1522555,0.32737222,1.1200721,22.328833,6.2607117,23.295694,0.009676026,0.5031534,28.892614,3.3511305,1.2869115,201.57098,0.19352052,1.5481641
1364.5266,0.058056157,11.80679,46.54042,0.83213824,1.0353348,0.019352052,0.038704105,55.916355,0.07740821,1.3739957,0.31930888,0.009676026,0.038704105,0.2925575,159.09146,0.009676026,122.94657,67.22529,48.0217,5.137563,59.95459,0.08815077,29.521074,18.27091,25.157667,9.668542,0.8031102,42.60475,7.60991,1.0063068,320.47784,2.2835422,31.332958,24.559446,194.28091,290.38654,1.2869115,0.15481642,9.759885,0.116112314,20.560812,0.7283868,5.360299,2.9276474,0.116112314,20.963713,0.27092874,49.02331,4.9112744,10.910142,132.35194,17.225262,7.0857835,0.38976938,0.57088554,12.9356365,0.43542117,12.417874,1.5566307,3.029945,6.773218,0.8224622,17.272566,47.523525,0.16997552,1.088553,0.67732185,81.22763,1.5891305,920.6282,5.3895464,1.6836286,86.38583,29.838173,0.41606912,7.702117,0.019352052,1.2075264,35.134968,181.92159,29.359598,10.872628,0.52406245,1.451404,3.7608085,33.68508,4.689647,32.49736,5516.598,0.8950324,2.3996544,16.720173,31.969128,0.019352052,146.24266,4.9473147,87.36649,1.848121,29.279655,72.83822,0.04838013,404.0671,30.799114,0.6575102,3.7332673,4.1522555,0.32737222,0.85680425,18.63558,6.2607117,22.018053,0.009676026,0.5031534,28.892614,3.3511305,1.368795,179.02919,0.19352052,1.5481641
1203.4777,0.058056157,11.80679,46.54042,0.83213824,1.0353348,0.019352052,0.038704105,55.916355,0.07740821,1.3739957,0.31930888,0.009676026,0.038704105,0.2925575,159.09146,0.009676026,106.19211,48.93096,48.43363,5.137563,58.678173,0.08815077,26.141375,15.059604,25.157667,12.419175,0.8031102,42.60475,7.60991,1.0063068,317.62418,2.2835422,33.488903,24.559446,194.28091,290.38654,1.2869115,0.15481642,9.759885,0.116112314,20.560812,0.7283868,3.7073393,2.9276474,0.116112314,10.205728,0.27092874,43.12076,4.9112744,10.39264,133.86389,17.225262,7.0857835,0.38976938,0.57088554,9.837706,0.4600176,12.417874,1.5566307,3.029945,6.773218,0.8224622,17.272566,38.095394,0.16997552,4.9383535,0.67732185,68.90553,1.5891305,864.1046,5.3895464,1.6836286,116.8222,29.562588,0.41606912,7.702117,0.019352052,1.2075264,33.319733,163.72826,25.190868,10.872628,0.52406245,1.451404,3.7608085,35.321262,4.689647,32.49736,5516.598,0.8950324,2.3996544,16.720173,31.969128,0.019352052,144.82568,4.9473147,71.388916,1.848121,29.279655,71.47011,0.04838013,302.10196,30.799114,0.74981654,5.5359125,4.1522555,0.32737222,0.68699783,16.402504,6.2607117,18.587645,0.009676026,0.5114568,28.892614,3.3511305,1.2869115,177.8445,0.19352052,1.5481641
1293.4102,0.058056157,11.80679,46.54042,0.83213824,1.0353348,0.019352052,0.038704105,167.19582,0.07740821,1.3739957,0.31930888,0.009676026,0.038704105,0.2925575,159.09146,0.009676026,96.753654,50.862434,48.0217,5.137563,53.898643,0.08815077,27.333246,20.41826,25.157667,15.8116865,0.8031102,42.60475,7.60991,1.0063068,314.30618,2.2835422,28.852703,24.559446,194.28091,290.38654,1.2869115,0.15481642,9.759885,0.116112314,20.560812,0.7283868,3.338229,2.9276474,0.116112314,9.52779,0.27092874,42.949554,5.7390294,9.630562,132.35194,17.225262,7.0857835,0.38976938,0.57088554,11.086681,0.43542117,12.417874,1.5566307,3.029945,9.275712,0.8224622,17.272566,39.219788,0.16997552,2.386612,0.67732185,60.090893,1.5891305,890.43207,5.3895464,1.6836286,97.7191,25.009615,0.41606912,7.702117,0.019352052,1.2075264,26.430052,175.99518,28.38147,10.872628,0.52406245,1.451404,3.7608085,29.326866,4.689647,32.49736,5516.598,0.8950324,2.3996544,16.720173,31.969128,0.019352052,163.93774,4.9473147,69.518974,1.848121,29.279655,68.82691,0.04838013,307.20245,30.799114,0.57088554,3.4436831,4.1522555,0.32737222,1.3019508,21.10768,6.2607117,16.889383,0.009676026,0.5031534,28.892614,3.3511305,1.2869115,165.76047,0.19352052,1.5481641
1512.8972,0.058056157,11.80679,46.54042,0.83213824,1.5452781,0.019352052,0.038704105,1171.8782,0.07740821,1.3739957,0.31930888,0.009676026,0.038704105,0.2925575,159.09146,0.009676026,82.847404,50.347286,48.0217,5.137563,48.51356,0.08815077,28.86219,21.462482,25.157667,12.501499,0.8031102,42.60475,7.60991,1.0063068,312.80902,2.2835422,28.527668,24.559446,194.28091,290.38654,1.2869115,0.15481642,9.759885,0.116112314,20.560812,0.7283868,3.338229,2.9276474,0.116112314,9.313215,0.27092874,44.596634,4.9112744,2.4964147,132.35194,17.225262,7.0857835,0.38976938,0.57088554,9.33304,0.43542117,12.417874,1.5566307,3.029945,6.773218,0.8224622,17.272566,30.811195,0.16997552,1.9226608,0.67732185,91.26282,1.5891305,974.6285,5.3895464,1.6836286,97.64601,23.917862,0.41606912,7.702117,0.019352052,1.2075264,27.763828,161.83823,29.701962,10.872628,0.52406245,1.451404,3.7608085,22.845163,4.689647,32.49736,5516.598,0.8950324,2.3996544,16.720173,31.969128,0.019352052,172.51802,4.9473147,51.556435,1.848121,29.279655,58.876026,0.04838013,322.2633,30.799114,7.4420156,3.225739,4.1522555,0.32737222,0.9446086,17.78363,6.2607117,16.658028,0.009676026,0.5031534,28.892614,3.3511305,1.2869115,168.63821,0.19352052,1.5481641
1419.4773,0.058056157,11.80679,46.54042,0.83213824,1.8125939,0.019352052,0.7676165,709.24634,0.07740821,1.3739957,0.31930888,0.009676026,0.038704105,0.2925575,159.09146,0.009676026,118.3512,47.505524,48.0217,5.137563,47.33347,0.08815077,22.344446,19.5362,25.157667,9.785604,0.8031102,42.60475,7.60991,1.0063068,274.0501,2.2835422,22.074043,24.559446,194.28091,1094.4508,1.2869115,0.15481642,9.759885,0.116112314,20.560812,0.7283868,4.2590914,2.9276474,0.116112314,7.510006,0.27092874,49.261864,4.9112744,5.1502867,132.35194,17.225262,7.0857835,0.38976938,0.57088554,8.652047,0.43542117,12.417874,1.5566307,3.029945,6.773218,0.8224622,17.272566,20.556458,0.16997552,1.6282867,0.67732185,79.745575,1.5891305,758.02795,5.3895464,1.6836286,105.457436,24.252666,0.41606912,7.702117,0.019352052,1.2075264,14.443895,153.51572,32.4963,10.872628,0.52406245,1.451404,3.7608085,23.024054,4.689647,32.49736,5516.598,0.8950324,2.3996544,16.720173,31.969128,0.019352052,150.16116,4.9473147,36.316467,1.848121,29.279655,48.076813,0.04838013,292.20493,30.799114,3.5510619,2.810281,4.1522555,0.32737222,0.86847365,13.869653,6.2607117,15.644761,0.009676026,0.5031534,28.892614,3.3511305,1.2869115,174.68002,0.19352052,1.5481641
1342.1013,0.058056157,11.80679,46.54042,0.83213824,1.2460122,0.019352052,0.21869072,462.58307,0.07740821,1.3739957,0.31930888,0.009676026,0.038704105,0.2925575,159.09146,0.009676026,90.635956,37.423252,48.0217,5.137563,46.822304,0.08815077,28.038586,18.20895,25.157667,10.218615,0.8031102,42.60475,7.60991,1.0063068,284.66196,2.2835422,23.507267,24.559446,194.28091,806.119,1.2869115,0.15481642,9.759885,0.116112314,20.560812,0.7283868,11.386996,2.9276474,0.116112314,6.886421,0.27092874,40.19218,4.9112744,4.0102572,132.35194,17.225262,7.0857835,0.38976938,0.57088554,9.486545,0.43542117,12.417874,1.5566307,3.029945,6.773218,0.8224622,17.272566,23.737612,0.16997552,1.8913903,0.67732185,64.08394,1.5891305,622.0436,5.3895464,1.6836286,96.772255,25.140938,0.41606912,7.702117,0.019352052,1.2075264,24.619059,163.33028,31.505873,10.872628,0.52406245,1.451404,3.7608085,25.589592,4.689647,32.49736,5516.598,0.8950324,2.3996544,16.720173,31.969128,0.019352052,152.41846,4.9473147,32.03625,1.848121,29.279655,46.52613,0.04838013,235.73521,30.799114,2.6890318,3.1639316,4.1522555,0.32737222,0.8607802,11.753087,6.2607117,15.040217,0.009676026,0.5031534,28.892614,3.3511305,1.2869115,158.7491,0.19352052,1.5481641
1514.4806,0.058056157,11.80679,46.54042,0.83213824,1.1247436,0.019352052,0.18994579,268.43088,0.07740821,1.3739957,0.31930888,0.009676026,0.038704105,0.2925575,159.09146,0.009676026,106.78687,34.43617,48.0217,5.137563,52.729717,0.08815077,49.8371,18.02669,25.157667,12.293249,0.8031102,42.60475,7.60991,1.0063068,272.5171,2.2835422,19.15776,24.559446,194.28091,1215.8192,1.2869115,0.15481642,9.759885,0.116112314,20.560812,0.7283868,4.9994884,2.9276474,0.116112314,5.153985,0.27092874,37.302803,5.0345826,3.9450953,132.35194,17.225262,7.0857835,0.38976938,0.57088554,10.205705,0.43542117,12.417874,1.5566307,3.029945,6.773218,0.8224622,17.272566,22.202526,0.16997552,1.4730301,0.67732185,71.51688,1.5891305,786.23737,5.3895464,1.6836286,94.76819,23.396769,0.41606912,7.702117,0.019352052,1.2075264,43.004696,189.6122,32.199482,10.872628,0.52406245,1.451404,3.7608085,22.419657,4.689647,32.49736,5516.598,0.8950324,2.3996544,16.720173,31.969128,0.019352052,139.34232,4.9473147,39.095135,1.848121,29.279655,123.76428,0.04838013,221.18672,30.799114,1.8128992,2.133283,4.1522555,0.32737222,1.0217171,14.157821,6.2607117,14.516167,0.009676026,0.5031534,28.892614,3.3511305,7.858503,211.3062,0.19352052,1.5481641
1527.878,0.058056157,11.80679,46.54042,0.83213824,1.1512597,0.019352052,0.09583222,55.916355,0.07740821,1.3739957,0.31930888,0.009676026,0.038704105,0.36325198,159.09146,0.009676026,105.56143,40.66356,48.0217,5.137563,46.534153,0.08815077,39.17692,12.459835,25.157667,12.174801,0.8031102,42.60475,7.60991,1.0063068,292.3455,16.080603,17.04109,24.559446,194.28091,1001.2432,1.2869115,0.15481642,9.759885,0.116112314,20.560812,0.7283868,3.9816692,2.9276474,0.116112314,7.558104,0.27092874,33.181118,5.8295484,7.3866076,132.35194,17.225262,7.0857835,0.38976938,0.57088554,7.171305,0.43542117,12.417874,1.5566307,3.029945,6.773218,0.8224622,17.272566,20.051378,0.16997552,1.088553,0.67732185,64.36861,1.5891305,837.0021,5.3895464,1.6836286,74.650116,23.396769,0.41606912,7.702117,0.019352052,1.2075264,29.074764,211.06834,36.911404,10.872628,1.3592784,1.451404,3.7608085,19.550365,4.689647,32.49736,5516.598,0.8950324,2.3996544,16.720173,31.969128,0.019352052,139.1007,4.9473147,38.83637,1.848121,29.279655,82.27399,0.04838013,220.6284,30.799114,0.57088554,2.0988636,4.1522555,0.32737222,1.3888001,12.976933,6.2607117,18.189325,0.009676026,0.5031534,28.892614,3.3511305,3.3502526,421.88943,0.19352052,1.5481641
1437.5361,0.058056157,11.80679,46.54042,0.83213824,1.0628569,0.019352052,0.038704105,55.916355,0.07740821,1.3739957,0.31930888,0.009676026,0.038704105,0.2925575,159.09146,0.009676026,109.88086,35.971478,48.0217,5.137563,47.854637,0.08815077,29.565073,11.71931,25.157667,12.920135,0.8031102,42.60475,7.60991,1.0063068,286.52798,6.299868,13.960986,24.559446,194.28091,1049.9662,1.2869115,0.15481642,9.759885,0.116112314,20.560812,0.7283868,3.5890398,2.9276474,0.116112314,5.679715,0.27092874,37.36039,4.9112744,5.7411284,132.35194,17.225262,7.0857835,0.38976938,0.57088554,7.6354957,0.43542117,12.417874,1.5566307,3.029945,6.773218,0.8224622,17.272566,12.65826,0.16997552,1.088553,0.67732185,72.28255,1.5891305,843.8034,5.3895464,1.6836286,113.28214,79.90153,0.41606912,7.702117,0.019352052,1.2075264,67.33768,211.79668,32.50979,10.872628,1.3254994,1.451404,3.7608085,24.631659,4.689647,32.49736,5516.598,0.8950324,2.3996544,16.720173,31.969128,0.019352052,136.50005,4.9473147,39.325874,1.848121,29.279655,64.09811,0.04838013,216.7746,30.799114,0.57088554,2.3623242,4.1522555,0.32737222,1.7596776,11.430046,6.2607117,19.888468,0.009676026,0.5031534,28.892614,3.3511305,2.8319945,608.1584,0.19352052,1.5481641
1685.03,0.058056157,11.80679,46.54042,0.83213824,1.0353348,0.019352052,0.038704105,121.366325,0.07740821,1.3739957,0.31930888,0.009676026,0.038704105,0.2925575,159.09146,0.009676026,112.617195,35.582287,48.0217,5.137563,47.381287,0.08815077,47.54696,227.28328,25.157667,14.88441,0.8031102,42.60475,7.60991,1.0063068,304.99908,5.9197555,15.943973,24.559446,194.28091,1364.5361,1.2869115,0.15481642,9.759885,0.116112314,20.560812,0.7283868,4.6294875,2.9276474,0.116112314,11.448715,0.27092874,36.672153,6.9467807,5.0394654,132.35194,17.225262,7.0857835,0.38976938,0.57088554,5.7771935,0.43542117,12.417874,8.198569,3.029945,6.773218,0.8224622,17.272566,10.700878,0.16997552,1.7153975,0.67732185,86.88004,1.5891305,857.2679,5.3895464,1.6836286,75.677574,73.3401,0.41606912,7.702117,0.019352052,1.2075264,33.47811,207.95015,27.513968,10.872628,6.908618,1.451404,3.7608085,22.269495,4.689647,32.49736,5516.598,0.8950324,2.3996544,16.720173,31.969128,0.019352052,150.57747,4.9473147,31.895576,1.848121,29.279655,93.92249,0.04838013,206.10204,30.799114,0.7631874,3.1797924,4.1522555,0.32737222,1.677607,12.004242,6.2607117,20.267998,0.009676026,0.5031534,28.892614,3.3511305,2.5150173,697.2212,0.19352052,1.5481641
2522.4294,0.058056157,11.80679,46.54042,0.83213824,1.0353348,0.019352052,0.059410557,137.31169,0.07740821,1.3739957,0.31930888,0.009676026,0.038704105,0.2925575,159.09146,0.009676026,103.69737,53.643143,48.0217,5.137563,50.59572,0.08815077,55.72965,68.727684,25.157667,14.790164,0.8031102,42.60475,7.60991,1.0063068,291.82208,5.0592,12.122153,24.559446,194.28091,924.5718,1.2869115,0.15481642,9.759885,0.116112314,20.560812,0.7283868,3.338229,2.9276474,0.116112314,12.763833,0.27092874,31.604916,7.324409,7.3714123,133.67264,57.77569,7.0857835,0.38976938,0.57088554,8.941092,0.43542117,12.417874,6.5207953,3.029945,6.773218,0.8224622,17.272566,10.700878,0.16997552,1.4868735,0.67732185,68.02068,1.5891305,929.6561,5.3895464,1.6836286,64.96189,96.183716,0.41606912,7.702117,0.019352052,1.2075264,43.237625,196.38948,28.844818,10.872628,2.5510466,1.451404,5.5628386,21.291729,4.689647,32.49736,5516.598,0.8950324,2.3996544,16.720173,31.969128,0.019352052,168.04532,4.9473147,68.29439,1.848121,29.279655,77.89459,0.04838013,177.71921,30.799114,0.83338946,3.3046324,4.1522555,0.32737222,3.158862,14.560287,6.2607117,19.276178,0.009676026,0.5031534,28.892614,3.3511305,2.6829755,492.41428,0.19352052,1.5481641
3278.2744,0.058056157,11.80679,46.54042,0.83213824,1.043769,0.019352052,0.06755153,187.92271,0.07740821,1.3739957,0.31930888,0.009676026,0.038704105,0.2925575,159.09146,0.009676026,108.25399,80.443016,48.0217,5.137563,48.939774,0.08815077,41.500393,55.4498,25.157667,14.040575,0.8031102,42.60475,7.60991,1.0063068,273.85458,4.910106,10.214738,24.559446,194.28091,1390.8433,1.2869115,0.15481642,9.759885,0.116112314,20.560812,0.7283868,3.338229,2.9276474,0.116112314,15.654034,1.0943235,31.813158,7.346745,7.4089446,132.35194,33.1339,7.0857835,0.38976938,0.57088554,9.459462,8.635686,12.417874,3.8767586,3.029945,6.773218,0.8224622,17.272566,10.700878,0.16997552,1.088553,0.67732185,55.285633,1.5891305,920.54254,5.3895464,1.6836286,56.281715,82.06161,0.41606912,7.702117,0.019352052,1.2075264,34.84686,182.6127,29.512293,10.872628,2.2256637,1.451404,3.7608085,18.000294,4.689647,32.49736,5516.598,0.8950324,2.3996544,16.720173,31.969128,0.019352052,209.68663,4.9473147,65.36115,1.848121,29.279655,78.57562,0.04838013,180.26797,30.799114,1.3369381,2.6022353,4.1522555,0.32737222,2.2503612,15.881029,6.2607117,18.171852,0.009676026,0.5031534,28.892614,3.3511305,3.3270822,742.0751,0.19352052,1.5481641
3804.1926,0.058056157,11.80679,46.54042,0.83213824,1.8355763,0.019352052,0.077187486,55.916355,0.07740821,1.3739957,0.31930888,0.009676026,0.038704105,0.2925575,159.09146,0.009676026,106.03567,65.520706,48.0217,5.137563,44.761093,0.08815077,40.91348,31.154911,25.157667,14.197542,0.8031102,42.60475,7.60991,1.0063068,268.78226,8.420752,10.891073,24.559446,194.28091,1061.5015,1.2869115,0.15481642,9.759885,0.116112314,20.560812,0.7283868,3.338229,2.9276474,0.116112314,9.828835,0.56353354,36.64837,5.1254,9.030193,132.35194,24.953588,7.0857835,0.38976938,0.57088554,7.761229,2.4602706,12.417874,3.3630223,3.029945,6.773218,0.8224622,17.272566,10.700878,0.16997552,1.088553,0.67732185,49.92131,1.5891305,926.217,5.3895464,1.6836286,79.3859,129.20767,0.41606912,7.702117,0.019352052,1.2075264,50.601524,161.71967,27.706327,10.872628,1.3024652,1.451404,3.7608085,16.161873,4.689647,32.49736,5516.598,0.8950324,2.3996544,16.720173,31.969128,0.019352052,183.33757,11.067776,64.909004,1.848121,29.279655,57.24391,0.04838013,173.54158,30.799114,0.57088554,3.0787508,4.1522555,0.32737222,1.5984567,11.389363,6.2607117,19.754454,0.009676026,0.5031534,28.892614,3.3511305,1.5258124,1015.0703,0.19352052,1.5481641
3546.3506,0.058056157,11.80679,46.54042,0.83213824,1.6586435,0.019352052,0.038704105,78.92967,0.07740821,1.3739957,0.31930888,0.009676026,0.038704105,0.2925575,159.09146,0.009676026,117.095276,92.90188,48.0217,5.137563,50.26185,0.08815077,50.856247,11.411002,25.157667,11.155533,0.8031102,42.60475,7.60991,1.1676729,266.19662,3.823896,13.171528,24.559446,194.28091,1183.607,1.2869115,0.15481642,9.759885,0.116112314,20.560812,0.7283868,3.8490598,2.9276474,0.116112314,7.755592,0.44067916,34.75851,5.1392417,5.970662,132.35194,23.106646,7.0857835,0.38976938,0.57088554,6.8928723,2.1368902,12.417874,3.3042758,3.029945,6.773218,0.8224622,17.272566,10.700878,0.16997552,1.088553,0.67732185,77.37249,1.5891305,878.4769,5.3895464,1.6836286,69.144554,98.41128,0.41606912,7.702117,0.019352052,1.2075264,67.29553,164.57109,34.197945,10.872628,0.92699564,1.451404,3.7608085,20.067543,4.689647,32.49736,5516.598,0.8950324,2.3996544,16.720173,31.969128,0.019352052,190.35333,6.7726336,82.28412,1.848121,29.279655,53.41438,0.04838013,159.83449,30.799114,1.6357827,2.728001,4.1522555,0.32737222,1.3032124,13.977906,6.2607117,19.747156,0.009676026,0.5031534,28.892614,3.3511305,1.4778376,1061.6259,0.19352052,1.5481641
2618.249,0.058056157,11.80679,46.54042,0.83213824,1.2450396,0.019352052,0.038704105,55.916355,0.07740821,1.3739957,0.31930888,0.009676026,0.038704105,0.2925575,159.09146,0.009676026,119.9487,60.801495,48.0217,5.137563,58.031696,0.08815077,81.79453,11.411002,25.157667,16.958902,0.8031102,42.60475,7.60991,1.0063068,261.0046,47.23965,8.980879,24.559446,194.28091,835.32404,1.2869115,0.15481642,9.759885,0.116112314,20.560812,0.7283868,4.3468547,2.9276474,0.116112314,6.249422,0.37474373,25.48536,6.244645,5.63019,135.15627,29.95862,7.0857835,0.38976938,0.57088554,9.285651,1.0781125,12.417874,3.271345,3.029945,6.773218,0.8224622,17.272566,10.700878,0.16997552,1.088553,0.67732185,54.187786,1.5891305,909.24646,5.3895464,1.6836286,58.00318,94.63047,0.41606912,7.702117,0.019352052,1.2075264,38.649002,174.02902,35.67856,10.872628,0.9629165,1.451404,3.945549,21.534704,4.689647,32.49736,5516.598,0.8950324,2.3996544,16.720173,31.969128,0.019352052,145.13734,5.5202975,75.59654,1.848121,29.279655,56.869,0.04838013,148.77565,30.799114,1.5249192,3.0084825,4.1522555,0.32737222,1.376611,12.108644,6.2607117,18.401167,0.009676026,0.5031534,28.892614,3.3511305,2.5822756,1189.8612,0.19352052,1.5481641
1317.6746,0.058056157,11.80679,46.54042,0.83213824,1.0353348,0.019352052,0.038704105,55.916355,0.07740821,1.3739957,0.31930888,0.009676026,0.038704105,0.2925575,159.09146,0.009676026,123.690155,75.20601,48.0217,5.137563,55.896767,0.08815077,86.10603,17.081707,25.157667,14.424483,0.8031102,42.60475,7.60991,1.0063068,260.53583,16.407322,6.8740053,24.559446,194.28091,1021.65674,1.2869115,0.15481642,9.759885,0.116112314,20.560812,0.7283868,3.338229,2.9276474,0.116112314,6.3290486,0.45587665,30.078478,5.421643,4.9835505,132.35194,20.708868,7.0857835,0.38976938,0.57088554,7.3729534,0.43542117,12.417874,1.6154921,3.029945,6.773218,0.8224622,17.272566,10.700878,0.16997552,1.088553,0.67732185,70.32588,1.5891305,959.32263,5.3895464,1.6836286,58.58333,82.546875,0.41606912,7.702117,0.019352052,1.2075264,43.43421,195.31241,34.55887,10.872628,0.8889063,1.451404,3.7608085,16.348373,4.689647,32.49736,5516.598,1.2863145,2.3996544,16.720173,31.969128,0.019352052,131.25804,4.9473147,71.834526,1.848121,29.279655,59.687237,0.04838013,145.53442,30.799114,1.1131417,3.8579469,4.1522555,0.32737222,1.1202443,11.011873,6.2607117,17.963541,0.009676026,0.5031534,28.892614,3.3511305,1.6583464,1813.3596,0.19352052,1.5481641
1049.2975,0.058056157,11.80679,46.54042,0.83213824,1.2336391,0.019352052,0.038704105,55.916355,0.07740821,1.3739957,0.31930888,0.009676026,0.038704105,0.2925575,159.09146,0.009676026,117.99996,83.28691,48.0217,5.137563,43.868404,0.08815077,93.76123,19.7441,25.157667,13.60081,0.8031102,42.60475,7.60991,1.0063068,327.54486,28.623133,7.062167,24.559446,194.28091,762.63074,1.2869115,0.15481642,9.759885,0.116112314,20.560812,0.7283868,3.338229,2.9276474,0.116112314,3.7687378,0.34099224,36.109924,5.2408085,5.0321684,132.35194,17.225262,7.0857835,0.38976938,0.57088554,6.4112496,0.43542117,12.417874,1.667863,3.029945,6.773218,0.8224622,17.272566,10.700878,0.16997552,1.088553,0.67732185,57.318153,1.5891305,947.54193,5.3895464,1.6836286,61.392925,110.86303,0.41606912,7.702117,0.019352052,1.2075264,57.265144,151.368,29.598398,10.872628,1.1221665,1.451404,3.7608085,13.717572,4.689647,32.49736,5516.598,0.8950324,2.3996544,16.720173,31.969128,0.019352052,116.169205,6.096131,50.81158,1.848121,29.279655,53.304142,0.04838013,136.64212,30.799114,2.6905282,3.0394037,4.1522555,0.32737222,0.98264337,8.404628,6.2607117,18.894075,0.009676026,0.5031534,28.892614,3.3511305,1.2869115,2293.3066,0.19352052,1.5481641
1259.5021,0.058056157,11.80679,46.54042,0.83213824,1.2361289,0.019352052,0.038704105,55.916355,0.07740821,1.3739957,0.31930888,0.009676026,0.038704105,0.2925575,159.09146,0.009676026,117.243416,87.760864,48.0217,5.137563,44.743015,0.08815077,80.26261,25.11065,25.157667,11.536228,0.8031102,42.60475,7.60991,1.0063068,346.9888,14.953657,9.269477,24.559446,194.28091,648.7978,1.2869115,0.15481642,9.759885,0.116112314,20.560812,0.7283868,3.338229,2.9276474,0.116112314,3.799093,0.27092874,37.814228,5.0060096,4.1457124,134.64247,17.225262,7.0857835,0.38976938,0.57088554,9.912036,0.657212,12.417874,2.8304071,3.029945,6.773218,0.8224622,17.272566,10.700878,0.16997552,1.088553,0.67732185,79.988235,1.5891305,958.1209,5.3895464,1.6836286,60.951122,130.4204,0.41606912,7.702117,0.019352052,1.2075264,60.41162,187.06987,30.078102,10.872628,1.0118436,1.451404,3.7608085,20.135662,4.689647,32.49736,5516.598,1.1009014,2.3996544,16.720173,31.969128,0.019352052,119.825905,4.9473147,60.72952,1.848121,29.279655,73.126976,0.04838013,126.34951,30.799114,3.9264557,2.812254,4.1522555,0.32737222,0.96768326,10.803123,6.2607117,18.240492,0.009676026,0.5031534,28.892614,3.3511305,1.2869115,1833.8699,0.19352052,1.5481641
